,TV,,SGa7km8ze6b,探偵歌劇 ミルキィホームズ TD,,タンテイカゲキ ミルキィホームズ ティーディー,2015,1,2,2015,3,27,,,,,http://milky-holmes.com/anime/td/,
,TV,,zN6Pst8So5a,みんな集まれ!ファルコム学園SC,,ミンナアツマレ ファルコムガクエンエスシー,2015,1,3,2015,3,21,,,,,http://www.fal-gaku.com/,
,TV,,HDJfna97L7u,アブソリュート・デュオ,,アブソリュートデュオ,2015,1,3,2015,3,21,,,,,http://absoluteduo.com/,
,TV,,3MoStXjZSm5,うわばきクック,,ウワバキクック,2015,1,4,2015,3,29,,,,,http://www.ytv.co.jp/uwabakicook/index.php,
,TV,,ApwQ8cmCS9a,ドアマイガーD,,ドアマイガーディー,2015,1,4,2015,3,29,,,,,http://www.tvk-yokohama.com/doamai/,
,TV,,bGov4PP5q7o,キュートランスフォーマー 帰ってきたコンボイの謎,,キュートランスフォーマー カエッテキタコンボイノナゾ,2015,1,5,2015,3,30,,,,,http://www.qtransformers.com/animation/,
,TV,,Ed9hWpKaEhT,わしも WASIMO,第2期,ワシモ,2015,1,5,2015,3,24,,,,,http://www9.nhk.or.jp/anime/wasimo/,
,TV,,FSURvquefRr,神様はじめました◎,,カミサマハジメマシタ,2015,1,5,2015,3,30,,,,,http://mikagesha.com/,
,TV,,hgYXb3RXRmd,ユリ熊嵐,,ユリクマアラシ,2015,1,5,2015,3,30,,,,,http://www.yurikuma.jp/,
,TV,,oTPNuPDEMwp,美男高校地球防衛部LOVE!,,ビナンコウコウチキュウボウエイブラブ,2015,1,6,2015,3,24,,,,,,
,TV,,jDxYYNGAnbW,みりたり!,,ミリタリ,2015,1,6,2015,3,24,,,,,http://dreamcreation.co.jp/militari/,
,TV,,aLytobHKcYz,艦隊これくしょん -艦これ-,,カンタイコレクション カンコレ,2015,1,7,2015,3,25,,,,,http://kancolle-anime.jp/,
,TV,,MeVrdbwepQU,新妹魔王の契約者,,シンマイマオウノテスタメント,2015,1,7,2015,3,25,,,,,http://anime-shinmaimaou.com/,
,TV,,bRFCWQF3EJs,ぱんきす!2次元,,パンキス ニジゲン,2015,1,7,2015,6,17,,,,,http://www.pankis.net/,
,TV,,hKuCwixsVGr,血液型くん!2,,ケツエキガタクンツー,2015,1,7,2015,3,25,,,,,http://ketsuekigatakun.com/,
,TV,,9qZKeYJc7Ay,蒼穹のファフナー EXODUS,第1期,ソウキュウノファフナー エクソダス,2015,1,8,2015,4,2,,,,,http://fafner-exodus.jp/,
,TV,,sotK6sF9ddp,東京喰種トーキョーグール√A,,トーキョーグール ルートエー,2015,1,8,2015,3,26,,,,,,
,TV,,ccy89fMd4Kp,冴えない彼女の育てかた,,サエナイカノジョノソダテカタ,2015,1,8,2015,3,26,,,,,http://www.saenai.tv/,
,TV,,t5Df5sQg596,銃皇無尽のファフニール,,ジュウオウムジンノファフニール,2015,1,8,2015,3,26,,,,,http://www.tbs.co.jp/anime/fafnir/,
,TV,,Tx4BtzLhqJs,幸腹グラフィティ,,コウフクグラフィティ,2015,1,8,2015,3,26,,,,,http://www.tbs.co.jp/anime/koufuku_g/,
,TV,,X428EoRtjyF,ジョジョの奇妙な冒険 スターダストクルセイダース エジプト編,,ジョジョノキミョウナボウケン スターダストクルセイダース エジプトヘン,2015,1,9,2015,6,19,,,,,http://jojo-animation.com/sc/,
,TV,,N6uYeuK72jm,アイドルマスター シンデレラガールズ,1st Season,アイドルマスター シンデレラガールズ,2015,1,9,2015,4,10,,,,,http://imas-cinderella.com/,
,TV,,LKHQsZCZHWD,少年ハリウッド -HOLLY STAGE FOR 50-,,ショウネンハリウッド ホリーステージフォーフィフティー,2015,1,9,2015,4,3,,,,,http://www.starchild.co.jp/special/shonen-hollywood-anime/,
,劇場,,3JCNwHRV7rD,劇場版 PSYCHO-PASS サイコパス,,ゲキジョウバン サイコパス,2015,1,9,,,,,,,,,
,TV,,2meMZDUaLaE,デュラララ!!×2 承,,デュラララ カケルニ ショウ,2015,1,9,2015,3,27,,,,,http://www.durarara.com/,
,TV,,9fB6NRniuAE,デス・パレード,,デスパレード,2015,1,9,2015,3,27,,,,,http://www.ntv.co.jp/deathparade/,
,TV,,vh6Au2dUtmJ,暗殺教室,TV,アンサツキョウシツ,2015,1,9,2015,6,19,,,,,http://www.ansatsu-anime.com/,
,劇場,,GGn63MxDRQc,オズ めざせ！エメラルドの国へ,,オズ メザセ エメラルドノクニヘ,2015,1,10,,,,,,,,,
,TV,,cKAXUyWZyyU,アルドノア・ゼロ,第2期,アルドノアゼロ,2015,1,10,2015,3,28,,,,,http://www.aldnoahzero.com/,
,TV,,bRp9w7duTMZ,ローリング☆ガールズ,,ローリングガールズ,2015,1,10,2015,3,28,,,,,http://rollinggirls.com/,
,TV,,45jk8E8Hkwu,夜ノヤッターマン,,ヨルノヤッターマン,2015,1,10,2015,3,28,,,,,,
,TV,,F8XFiZJdMtM,純潔のマリア,,ジュンケツノマリア,2015,1,10,2015,3,28,,,,,http://www.junketsu-maria.tv/,
,TV,,cMdRnJBccAs,"DOG DAYS""",,ドックデイズダブルダッシュ,2015,1,10,2015,3,28,,,,,http://www.dogdays.tv/,
,TV,,HXDdwnF6Eoa,黒子のバスケ,第3期,クロコノバスケ,2015,1,11,2015,7,1,,,,,http://www.kurobas.com/,
,TV,,xb2BngVTm2J,聖剣使いの禁呪詠唱,,セイケンツカイノワールドブレイク,2015,1,11,2015,3,29,,,,,http://warubure-anime.com/,
,TV,,6H3cxsfdnZX,戦国無双,,センゴクムソウ,2015,1,11,2015,3,29,,,,,http://www.tv-tokyo.co.jp/anime/sengokumusou/index2.html,
,劇場,,aGKbtBp89ru,アップルシード アルファ,,アップルシード アルファ,2015,1,17,,,,,,,,,
,TV,,DDWjeiD5bLb,ISUCA,,イスカ,2015,1,23,2015,3,27,,,,,http://isuca.net/,
,劇場,,YcQu45hCNaS,劇場版 蒼き鋼のアルペジオ -アルス・ノヴァ- DC,,ゲキジョウバン アオキハガネノアルペジオ アルスノヴァ ディレクターズカット,2015,1,31,,,,,,,,,
,TV,,fUck4amf7o8,Go!プリンセスプリキュア,,ゴープリンセスプリキュア,2015,2,1,2016,1,31,,,,,http://www.toei-anim.co.jp/tv/precure/,
,劇場,,KCQeZT4whhi,花とアリス 殺人事件,,ハナトアリス サツジンジケン,2015,2,1,,,,,,,,,
,劇場,,s7hneztr5DD,劇場版 ムーミン 南の海で楽しいバカンス,,ゲキジョウバン ムーミン ミナミノウミデタノシイバカンス,2015,2,13,,,,,,,,,
,劇場,,m2qW26CEUBS,ナッツジョブ　サーリー＆バディのピーナッツ大作戦！,,ナッツジョブ サーリーアンドバディノピーナッツダイサクセン,2015,2,21,,,,,,,,,
,劇場,,vtNtrHM42zg,Je t'aime,,ジュ テーム,2015,2,28,,,,,,,,,
,劇場,,uXNvYkamuTw,映画ドラえもん のび太の宇宙英雄記,,エイガ ドラエモン ノビタノスペースヒーローズ,2015,3,1,,,,,,,,,
,劇場,,EZ2Ac2VhEV2,劇場版シドニアの騎士,,ゲキジョウバン シドニアノキシ,2015,3,6,,,,,,,,,
,劇場,,dSNf8NVzHP3,劇場版プリパラ　み～んなあつまれ！プリズム☆ツアーズ,,ゲキジョウバン プリパラ ミーンナアツマレ プリズムツアーズ,2015,3,7,,,,,,,,,
,TV,,SPvZxAZDzay,今、ふたりの道,,イマ フタリノミチ,2015,3,7,,,,,,,,,
,劇場,,JTQ2jPisNeh,劇場版 しまじろうのわお！ おおきなきのうたをうたおう！,,ゲキジョウバン シマジロウノワオ オオキナキノウタヲウタオウ,2015,3,13,,,,,,,,,
,劇場,,ohW8DC9Zqr2,劇場版 しまじろうのわお！ しまじろうとおおきな木,,ゲキジョウバン シマジロウノワオ シマジロウトオオキナキ,2015,3,13,,,,,,,,,
,劇場,,oFf3s3ewTYv,映画 プリキュアオールスターズ 春のカーニバル,,エイガ プリキュアオールスターズ ハルノカーニバル,2015,3,14,,,,,,,,,
,劇場,,owsbzVgVrVM,劇場版「境界の彼方-I'LL BE HERE-」 過去篇,,ゲキジョウバン キョウカイノカナタ アイルビーヒア カコヘン,2015,3,14,,,,,,,,,
,TV,,cSFyv7uNaov,トランスフォーマー アドベンチャー,第1期,トランスフォーマー アドベンチャー,2015,3,14,2015,6,13,,,,,http://tf.takaratomy.co.jp/toy/search/adventure/anim.html,
,劇場,,4UWhQdi8kJX,ヒックとドラゴン2,,ヒックトドラゴンツー,2015,3,19,,,,,,,,,
,劇場,,uS89V8CKnSk,クミとチューリップ,,クミトチューリップ,2015,3,22,,,,,,,,,
,劇場,,sktGNFpaTAd,ハッピーカムカム,,ハッピーカムカム,2015,3,22,,,,,,,,,
,劇場,,R4gDNx66CAk,アキの奏で,,アキノカナデ,2015,3,22,,,,,,,,,
,劇場,,cKRpqBP9aPU,音楽少女,,オンガクショウジョ,2015,3,22,,,,,,,,,
,TV,,4Tz8Ko2ZEL3,ゴー!ゴー!キッチン戦隊クックルン,,ゴーゴーキッチンセンタイクックルン,2015,3,29,,,,,,,,http://www.nhk.or.jp/kids/program/cooklun.html,
,TV,,R2gkEb4ZDwR,グッド・モーニング!!!ドロンジョ,,グッドモーニング ドロンジョ,2015,3,29,,,,,,,,http://www.ntv.co.jp/zip/doronjo/,
,TV,,xqNHCBmAgyy,ふなっしーのふなふなふな日和,,フナッシーノフナフナフナビヨリ,2015,3,30,2015,9,25,,,,,http://www.ntv.co.jp/funaanime/,
,TV,,kQhEutc5uNK,おまかせ!みらくるキャット団,,オマカセ ミラクルキャットダン,2015,3,30,,,,,,,,http://www.miraclecatdan.com/,
,TV,,zCnxkAhi2GA,美少女戦士セーラームーンCrystal,,ビショウジョセンシセーラームーンクリスタル,2015,3,31,2015,9,22,,,,,,
,TV,,bewfwBk9WEm,バトルスピリッツ 烈火魂,,バトルスピリッツ バーニングソウル,2015,3,31,,,,,,,,http://www.sunrise-inc.co.jp/battlespirits7/,
,劇場,,aRP7XJF9Dy7,天才バカヴォン ～ 蘇るフランダースの犬 ～,,テンサイバカヴォン ヨミガエルフランダースノイヌ,2015,4,1,,,,,,,,,
,劇場,,nECsxUCx2MQ,夕やけだん団,,ユウヤケダンダン,2015,4,1,,,,,,,,,
,TV,,WY4wrQkJDTq,やはり俺の青春ラブコメはまちがっている。続,,ヤハリオレノセイシュンラブコメハマチガッテイル ゾク,2015,4,2,2015,6,25,,,,,http://www.tbs.co.jp/anime/oregairu/,
,TV,,sFYncXBPyS4,旦那が何を言っているかわからない件 2スレ目,,ダンナガナニヲイッテイルカワカラナイケン ニスレメ,2015,4,2,2015,6,25,,,,,,
,TV,,ymFYmQHLWR2,魔法少女リリカルなのはViVid,,マホウショウジョリリカルナノハヴィヴィッド,2015,4,2,2015,6,18,,,,,,
,TV,,pfTeeC4KeVK,秘密結社鷹の爪 DO,,ヒミツケッシャタカノツメ ドゥー,2015,4,2,,,,,,,,,
,TV,,qRG4iXLh9aZ,レーカン!,,レーカン,2015,4,2,2015,6,25,,,,,http://www.tbs.co.jp/anime/re-kan/,
,TV,,wgUQ6P2PKGD,ダンジョンに出会いを求めるのは間違っているだろうか,,ダンジョンニデアイヲモトメルノハマチガッテイルダロウカ,2015,4,3,2015,6,26,,,,,http://danmachi.com/,
,TV,,yqQbc3PVWSY,ガンスリンガー ストラトス,,ガンスリンガー ストラトス,2015,4,3,2015,6,26,,,,,http://www.guns-project.jp/,
,TV,,Sqe87qkBuJv,ハイスクールD×D BorN,,ハイスクールディーディー ボーン,2015,4,3,2015,6,19,,,,,http://www.haremking.tv/,
,TV,,vnkR27oX7oQ,終わりのセラフ,第1期,オワリノセラフ,2015,4,3,2015,6,19,,,,,http://owarino-seraph.jp/,
,TV,,2swfstJYenr,長門有希ちゃんの消失,,ナガトユキチャンノショウシツ,2015,4,3,2015,7,17,,,,,,
,TV,,tBBoxy8HbQd,GON -ゴン-,第2期,ゴン,2015,4,3,2015,9,25,,,,,http://www.tv-tokyo.co.jp/anime/gon/index2.html,
,TV,,AysAcvZN4QV,VAMPIRE HOLMES,,ヴァンパイアホームズ,2015,4,3,2015,6,19,,,,,,
,TV,,q578kgVkm3W,食戟のソーマ,,ショクゲキノソーマ,2015,4,3,2015,9,25,,,,,http://shokugekinosoma.com/,
,TV,,Ua2o7FoeLCH,境界のRINNE,,キョウカイノリンネ,2015,4,3,2015,9,18,,,,,http://www9.nhk.or.jp/anime/rinne/,
,TV,,QnB4t3zsyam,電波教師,,デンパキョウシ,2015,4,3,2015,9,25,,,,,,
,TV,,Q4Dxh57rnE7,てさぐれ!部活もの すぴんおふ プルプルんシャルムと遊ぼう,,テサグレブカツモノ スピンオフ プルプルンシャルムトアソボウ,2015,4,4,2015,6,27,,,,,http://www.ntv.co.jp/tesapuru/,
,TV,,6HgPNFBV7CM,うたの☆プリンスさまっ♪ マジLOVEレボリューションズ,,ウタノプリンスサマ マジラブレボリューションズ,2015,4,4,2015,6,27,,,,,http://utapri.tv/,
,TV,,DckKwTmP67D,Fate/stay night Unlimited Blade Works,第2期,フェイトステイナイトアンリミテッドブレードワークス,2015,4,4,2015,6,27,,,,,http://www.fate-sn.com/,
,劇場,,fWagZLRJsUk,『たまゆら～卒業写真～』第1部 芽-きざし-,,タマユラ ソツギョウシャシン ダイイチブ キザシ,2015,4,4,,,,,,,,,
,劇場,,XQyVhRL2Um4,PERSONA3 THE MOVIE #3 Falling Down,,ペルソナスリーザムービー ダイサンショウ フォーリングダウン,2015,4,4,,,,,,,,,
,TV,,SiPU53hCjBn,攻殻機動隊 ARISE PYROPHORIC CULT,,コウカクキドウタイ アライズ パイロフォニックカルト,2015,4,4,2015,6,13,,,,,http://kokaku-a.jp/tv/index.html,
,TV,,FzigR2eUo2p,ジュエルペット マジカルチェンジ,,ジュエルペット マジカルチェンジ,2015,4,4,2015,12,26,,,,,http://www.tv-tokyo.co.jp/anime/jewelpet7/index2.html,
,TV,,2vfuZGeiGKW,プラスティック・メモリーズ,,プラスティック メモリーズ,2015,4,4,2015,6,27,,,,,http://www.plastic-memories.jp/,
,TV,,uV2TwgnYDKY,デュエル・マスターズ VSR,,デュエルマスターズ バーサスレボリューション,2015,4,4,,,,,,,,http://www.shopro.co.jp/tv/duelmastersvsr/,
,TV,,e4BQtmeQtnG,ベイビーステップ,第2期,ベイビーステップ,2015,4,4,2015,9,19,,,,,http://www9.nhk.or.jp/anime/babysteps/,
,TV,,ZpSFNg4ozoG,パンパカパンツ おNEW!,,パンパカパンツ オニュー,2015,4,4,2015,10,10,,,,,http://www.panpaka.com/tv/,
,TV,,2Pieb6odHAa,アルスラーン戦記,,アルスラーンセンキ,2015,4,4,2015,9,26,,,,,http://www.arslan.jp/,
,TV,,jZYdzbwVyow,SHOW BY ROCK!!,,ショウバイロック,2015,4,4,2015,6,20,,,,,http://showbyrock-anime.com/,
,TV,,znBUfhVQQmf,雨色ココア,,アメイロココア,2015,4,4,2015,6,27,,,,,http://rainycocoa.jp/anime/,
,TV,,ugEKGmRtTXT,血界戦線,,ケッカイセンセン,2015,4,4,2015,10,3,,,,,http://kekkaisensen.com/,
,TV,,zBuCPr6XAx7,にゅるにゅる!!KAKUSENくん,第2期,ニュルニュル カクセンクン,2015,4,5,2015,6,28,,,,,http://www.kakusen-kun.com/,
,TV,,9QxZmTaQJu2,ダイヤのA -SECOND SEASON-,,ダイヤノエース セカンドシーズン,2015,4,5,,,,,,,,http://diaace.com/,
,TV,,8MHxuUAZQuk,ハロー!!きんいろモザイク,,ハロー キンイロモザイク,2015,4,5,2015,6,21,,,,,http://www.kinmosa.com/,
,TV,,9t5bRzW63wv,怪盗ジョーカー,第2期,カイトウジョーカー,2015,4,5,2015,6,28,,,,,http://s.mxtv.jp/joker/,
,TV,,pGbvcYv5hvA,高宮なすのです! ～てーきゅうスピンオフ～,,タカミヤナスノデス テーキュウスピンオフ,2015,4,6,2015,6,22,,,,,http://www.te-kyu.com/nasuno/,
,TV,,x29EJsmgAn4,てーきゅう,第4期,テーキュウ,2015,4,6,2015,6,22,,,,,http://te-kyu.com/,
,TV,,YEhm6sF8xRb,ミカグラ学園組曲,,ミカグラガクエンクミキョク,2015,4,6,2015,6,22,,,,,http://mikagura-gakuen.com/,
,TV,,gxrpBKy7JAq,BAR 嫌われ野菜,,バー キラワレヤサイ,2015,4,6,2015,6,29,,,,,http://kiraware-yasai.com/,
,TV,,sEraSCjs2Cm,響け! ユーフォニアム,,ヒビケユーフォニアム,2015,4,7,2015,6,30,,,,,http://anime-eupho.com/,
,TV,,JaCrF5ZAbfc,銀魂゜,,ギンタマ,2015,4,7,,,,,,,,http://www.tv-tokyo.co.jp/anime/gintama/index2.html,
,TV,,pReVP6CiXS6,放課後のプレアデス,,ホウカゴノプレアデス,2015,4,8,2015,6,24,,,,,,
,TV,,P3fHipt9fvX,トリアージX,,トリアージイクス,2015,4,8,2015,6,10,,,,,http://triagex-anime.jp/,
,TV,,Uo8WSd2TyKv,えとたま,,エトタマ,2015,4,8,2015,6,24,,,,,http://etotama.com/,
,TV,,Uoqvav6evCJ,俺物語!!,,オレモノガタリ,2015,4,8,2015,9,23,,,,,http://www.anime-ore.jp/,
,TV,,dMUMyeaEMXg,浦和の調ちゃん,,ウラワノウサギチャン,2015,4,9,2015,6,25,,,,,http://urawa-usagi.com/,
,TV,,zWrvEn2uaRN,パンチライン,,パンチライン,2015,4,9,2015,6,25,,,,,http://www.punchline.jp/,
,TV,,zZKuZHuQCJr,ニセコイ:,,ニセコイ,2015,4,9,2015,6,25,,,,,http://www.nisekoi.jp/,
,TV,,Y2GGWWt2Q9S,フューチャーカード バディファイト100,,フューチャーカード バディファイトハンドレッド,2015,4,10,,,,,,,,http://www.tv-aichi.co.jp/fc-buddyfight100/,
,TV,,JcicJanKMNt,シドニアの騎士 第九惑星戦役,,シドニアノキシ ダイキュウワクセイセンエキ,2015,4,10,2015,6,26,,,,,http://www.knightsofsidonia.com/,
,劇場,,2HaDJgx2XpH,映画　きかんしゃトーマス　勇者とソドー島の怪物,,エイガ キカンシャトーマス ユウシャトソドートウノモンスター,2015,4,11,,,,,,,,,
,TV,,8EmZYMagyvE,山田くんと7人の魔女,,ヤマダクントナナニンノマジョ,2015,4,11,2015,6,27,,,,,http://www.yamajo-anime.com/,
,TV,,q6unvwbPqpv,グリザイアの迷宮,,グリザイアノメイキュウ,2015,4,11,,,,,,,,http://www.grisaia-anime.com/meikyu/,
,TV,,xtqycEZkyZU,英国一家、日本を食べる,,エイコクイッカ ニホンヲタベル,2015,4,16,2015,11,5,,,,,http://www9.nhk.or.jp/anime/sushi/,
,劇場,,m9nykZiJdGk,アニメガタリ,,アニメガタリ,2015,4,17,,,,,,,,,
,劇場,,fMZK9zyb5cF,映画クレヨンしんちゃん オラの引越し物語～サボテン大襲撃～,,エイガ クレヨンシンチャン オラノヒッコシモノガタリ サボテンダイシュウゲキ,2015,4,18,,,,,,,,,
,劇場,,XG9sXmaFGMC,ドラゴンボールZ　復活の「F」,,ドラゴンボールゼット フッカツノエフ,2015,4,18,,,,,,,,,
,劇場,,Z9ZHQBqDzBt,名探偵コナン 業火の向日葵,,メイタンテイコナン ゴウカノヒマワリ,2015,4,18,,,,,,,,,
,TV,,ouw7rU9KDUe,グリザイアの楽園,,グリザイアノラクエン,2015,4,18,2015,6,20,,,,,http://www.grisaia-anime.com/,
,劇場,,PqvE8XxBCLE,劇場版「境界の彼方-I'LL BE HERE-」 未来篇,,ゲキジョウバン キョウカイノカナタ アイルビーヒア ミライヘン,2015,4,25,,,,,,,,,
,劇場,,qPYrVEGV6CS,アナと雪の女王／エルサのサプライズ,,アナトユキノジョウオウ エルサノサプライズ,2015,4,25,,,,,,,,,
,TV,,fgyC3T3Mdb4,ピカイア!,,ピカイア,2015,4,29,2015,7,30,,,,,http://www.nhk.or.jp/seimei/pikaia.html,
,劇場,,ndTCeG7VQFV,コードギアス 亡国のアキト 第3章「輝くもの天より堕つ」,,コードギアス ボウコクノアキト ダイサンショウ カガヤクモノテンヨリオツ,2015,5,2,,,,,,,,,
,劇場,,P4KVCxqSFbK,百日紅 Miss HOKUSAI,,サルスベリ ミス ホクサイ,2015,5,2,,,,,,,,,
,劇場,,qLzDdzBxpHN,スポンジ・ボブ 海のみんなが世界を救Woo!,,スポンジボブ ウミノミンナガセカイヲスクウー,2015,5,16,,,,,,,,,
,劇場,,LJdu7sN7Ghq,劇場版　蟲師続章　鈴の雫,,ゲキジョウバン ムシシゾクショウ スズノシズク,2015,5,16,,,,,,,,,
,TV,,3ygZ7LJx532,ナルどマ,,ナルドマ,2015,5,17,2015,11,15,,,,,http://www.comico.jp/special/index.nhn?docno=1,
,劇場,,seBp2xize4s,新劇場版『頭文字D Legend2-闘走-』,,シンゲキジョウバン イニシャルディー レジェンドツー トウソウ,2015,5,23,,,,,,,,,
,TV,,UDafcbMDBMj,出番ですよ!オニギリズ,,デバンデスヨ オニギリズ,2015,5,31,,,,,,,,http://www.necoweb.com/neco/program/detail.php?id=3201,
,TV,,fsN68Fm3CTi,極道酒場でんでん ～極道大戦争外伝～,,ゴクドウサカバデンデン ゴクドウダイセンソウガイデン,2015,6,4,,,,,,,,,
,劇場,,gFydM49VASA,台風のノルダ,,タイフウノノルダ,2015,6,5,,,,,,,,,
,TV,,U8ck7bnfhnz,ガンバレー部NEXT!,,ガンバレーブネクスト,2015,6,7,2015,7,12,,,,,http://www.fujitv.co.jp/sports/vabonet/ganbare_next/,
,劇場,,oxcsZoLMHkG,弱虫ペダル Re：ROAD,,ヨワムシペダル リロード,2015,6,12,,,,,,,,,
,劇場,,TkKnwB7qxui,ラブライブ！The School Idol Movie,,ラブライブ ザスクールアイドルムービー,2015,6,13,,,,,,,,,
,劇場,,5okrZNAf7SY,攻殻機動隊 新劇場版,,コウカクキドウタイ シンゲキジョウバン,2015,6,20,,,,,,,,,
,劇場,,LUrsw36XW3v,劇場版 進撃の巨人 [後編] ～自由の翼～,,ゲキジョウバン シンゲキノキョジン コウヘン ジユウノツバサ,2015,6,27,,,,,,,,,
,TV,,uAzdLJXtAVV,ケイオスドラゴン 赤竜戦役,,ケイオスドラゴン セキリュウセンエキ,2015,7,1,2015,9,16,,,,,http://chaosdragon.red/,
,TV,,vyBdy9nRdGd,おくさまが生徒会長!,,オクサマガセイトカイチョウ,2015,7,1,2015,9,16,,,,,http://www.dreamcreation.co.jp/okusama/,
,劇場,,Hvrurhjqmdu,明治東亰恋伽,,メイジトウキョウレンカ,2015,7,1,,,,,,,,,
,TV,,rAU3r84KgUy,GANGSTA.,,ギャングスタ,2015,7,1,2015,9,23,,,,,http://gangsta-project.com/,
,TV,,HWtdgfHR2CS,ミス・モノクローム -The Animation- 2,,ミスモノクロームジアニメーションツー,2015,7,2,2015,9,24,,,,,http://www.starchild.co.jp/special/miss_monochrome_anime_2/,
,TV,,ZUptwWjBhQH,うーさーのその日暮らし 夢幻編,,ウーサーソノヒグラシ ムゲンヘン,2015,7,2,2015,9,24,,,,,http://wooser.tv/,
,TV,,nr8TD6B2mVx,乱歩奇譚 Game of Laplace,,ランポキタン ゲームオブラプラス,2015,7,2,2015,9,17,,,,,,
,TV,,Lqk6JMuEDQQ,城下町のダンデライオン,,ジョウカマチノダンデライオン,2015,7,2,2015,9,17,,,,,http://www.tbs.co.jp/anime/dande/,
,TV,,rVnJUysyFCq,わかば*ガール,,ワカバガール,2015,7,2,2015,9,24,,,,,http://wakabagirl.com/,
,TV,,9JwersAabVz,青春×機関銃,,アオハルキカンジュウ,2015,7,2,2015,9,17,,,,,http://www.tbs.co.jp/anime/aoharu/,
,TV,,KcyVoukgLQ5,金夜、安部礼司～平均的サラリーマンの異常な日常～,,キンヨル アベレイジ ヘイキンテキサラリーマンノイジョウナニチジョウ,2015,7,3,2015,7,31,,,,,http://www.abekin.com/,
,劇場,,xHJ9BAxBxe8,劇場版総集編 前編 ハイキュー！！ 終わりと始まり,,ゲキジョウバンソウシュウヘン ゼンペン ハイキュー オワリトハジマリ,2015,7,3,,,,,,,,,
,TV,,LwddXNaC6Up,下ネタという概念が存在しない退屈な世界,,シモネタトイウガイネンガソンザイシナイタイクツナセカイ,2015,7,3,2015,9,18,,,,,http://www.shimoseka.com/,
,TV,,wXhjQEmpqmo,GATE 自衛隊 彼の地にて、斯く戦えり,,ゲート ジエイタイ カノチニテカクタタカエリ,2015,7,3,2015,9,18,,,,,http://gate-anime.com/,
,TV,,kmRmaNQ9dwM,戦姫絶唱シンフォギアGX,,センキゼッショウ シンフォギアジーエックス,2015,7,3,2015,9,25,,,,,http://www.symphogear-gx.com/,
,TV,,bGKQj7WF9eS,アクエリオンロゴス,,アクエリオンロゴス,2015,7,3,2015,12,25,,,,,http://aqlogos.com/,
,TV,,vqueeAuLoaa,デュラララ!!×2 転,,デュラララ カケルニ テン,2015,7,3,2015,9,25,,,,,http://www.durarara.com/,
,TV,,Ht8AgZgswLs,Classroom☆Crisis,,クラスルームクライシス,2015,7,3,2015,9,25,,,,,http://www.classroom-crisis.com/,
,TV,,Ex6TeWnwydq,ブーブーボーイ,,ブーブーボーイ,2015,7,3,,,,,,,,http://www.boobooboy.com/,
,TV,,hP6wWo7dTxr,うしおととら,,ウシオトトラ,2015,7,3,2015,12,25,,,,,http://ushitora.tv/,
,劇場,,xKc5vgiiS3B,コードギアス 亡国のアキト 第4章「憎しみの記憶から」,,コードギアス ボウコクノアキト ダイヨンショウ ニクシミノキオクカラ,2015,7,4,,,,,,,,,
,劇場,,PNkTs2rQ84m,映画 ひつじのショーン～バック・トゥ・ザ・ホーム～,,エイガ ヒツジノショーン バックトゥザホーム,2015,7,4,,,,,,,,,
,劇場,,y6B5BiNLRjd,それいけ！アンパンマン ミージャと魔法のランプ,,ソレイケアンパンマン ミージャトマホウノランプ,2015,7,4,,,,,,,,,
,劇場,,7uz4RY8ixaW,リズムでうたおう！アンパンマン夏まつり,,リズムデウタオウ アンパンマンナツマツリ,2015,7,4,,,,,,,,,
,TV,,Yme4i4BQrnA,ガッチャマン クラウズ インサイト,,ガッチャマン クラウズ インサイト,2015,7,4,2015,9,26,,,,,http://www.ntv.co.jp/GC_insight/,
,劇場,,7akiuPbwnbJ,シンドバッド 空とぶ姫と秘密の島,,シンドバッド ソラトブヒメトヒミツノシマ,2015,7,4,,,,,,,,,
,TV,,zn742HjKmG9,VENUS PROJECT -CLIMAX-,,ヴィーナスプロジェクト クライマックス,2015,7,4,2015,9,19,,,,,http://vproject.jp/anime/,
,TV,,gpEWUEGthEs,ドラゴンボール超,,ドラゴンボールスーパー,2015,7,4,,,,,,,,http://www.toei-anim.co.jp/tv/dragon_s/,
,TV,,puo4CygJVSQ,WORKING!!!,,ワーキング,2015,7,4,2015,9,26,,,,,http://www.wagnaria.com/,
,TV,,5T2rjYTtLWm,六花の勇者,,ロッカノユウシャ,2015,7,4,2015,9,19,,,,,,
,TV,,a7vP8Zp3Cxt,Charlotte,,シャーロット,2015,7,4,2015,9,26,,,,,http://charlotte-anime.jp/,
,TV,,G3cVpwqhAaQ,ワカコ酒,,ワカコザケ,2015,7,4,2015,9,19,,,,,http://www.wakakozake.jp/,
,TV,,mEaCS4XBjDL,暗闇三太,,クラヤミサンタ,2015,7,4,2015,9,26,,,,,http://www.kbc.co.jp/santa/,
,TV,,pqx3Po5mVNq,キュートランスフォーマー さらなる人気者への道,,キュートランスフォーマー サラナルニンキモノヘノミチ,2015,7,6,2015,10,1,,,,,http://www.qtransformers.com/,
,TV,,sjW2QCZriyF,のんのんびより りぴーと,,ノンノンビヨリ リピート,2015,7,6,2015,9,21,,,,,http://nonnontv.com/,
,TV,,wiGAibmoNvh,怪獣酒場 カンパーイ!,,カイジュウサカバ カンパーイ,2015,7,6,2015,9,28,,,,,http://www.kaijusakabakanpai.com/,
,TV,,Ug6QijhFGvM,てーきゅう,第5期,テーキュウ,2015,7,6,2015,9,21,,,,,http://te-kyu.com/,
,TV,,Nimbt8KgLvk,オーバーロード,,オーバーロード,2015,7,6,2015,9,28,,,,,http://overlord-anime.com/,
,TV,,JW3CDK2tb8Z,ミリオンドール,,ミリオンドール,2015,7,6,2015,9,21,,,,,http://milliondoll.com/,
,TV,,MvstS8ttXfZ,赤髪の白雪姫,,アカガミノシラユキヒメ,2015,7,6,2015,9,21,,,,,http://clarines-kingdom.com/,
,TV,,tY7PJ4zPiiQ,それが声優!,,ソレガセイユウ,2015,7,6,2015,9,28,,,,,http://soregaseiyu.com/,
,TV,,zxr9Cfrd8k7,実は私は,,ジツハワタシハ,2015,7,6,2015,9,28,,,,,http://jitsuwata.tv/,
,TV,,5h2fQ3UUobf,To LOVEる -とらぶる- ダークネス 2nd,,トラブル ダークネスセカンド,2015,7,7,2015,10,29,,,,,http://www.j-toloveru.com/,
,TV,,mu2BTSHKy4Q,モンスター娘のいる日常,,モンスタームスメノイルニチジョウ,2015,7,7,2015,9,22,,,,,http://www.monmusu.jp/,
,TV,,zkeEKhPyxV6,ビキニ・ウォリアーズ,,ビキニ ウォリアーズ,2015,7,7,2015,9,22,,,,,http://bikini-warriors.com/anime/,
,TV,,E6dFntptvmE,洲崎西 THE ANIMATION,,スザキニシ ジアニメーション,2015,7,7,2015,9,22,,,,,http://suzakinishi.tv/,
,TV,,TdFeUnffAdA,空戦魔導士候補生の教官,,クウセンマドウシコウホセイノキョウカン,2015,7,8,2015,9,23,,,,,http://ku-sen.jp/,
,TV,,onFpa8TJv7D,干物妹!うまるちゃん,,ヒモウト ウマルチャン,2015,7,8,2015,9,23,,,,,http://umaru-ani.me/,
,TV,,MCm7sACAJJa,がっこうぐらし!,,ガッコウグラシ,2015,7,8,2015,9,23,,,,,http://gakkougurashi.com/,
,TV,,MYTLAC3mxZv,純情ロマンチカ3,,ジュンジョウロマンチカサン,2015,7,8,2015,9,23,,,,,http://suzukisan.info/,
,TV,,ZLDjEWgsaeQ,野球部あるある,,ヤキュウブアルアル,2015,7,8,2015,7,10,,,,,,
,TV,,Qn72RuMSGsS,だんちがい,,ダンチガイ,2015,7,9,2015,9,24,,,,,http://www.dreamcreation.co.jp/danchigai/,
,TV,,ViQnEM5szgZ,監獄学園,,プリズンスクール,2015,7,10,2015,9,25,,,,,http://prison-anime.com/,
,劇場,,rnLAH6d3cSn,バケモノの子,,バケモノノコ,2015,7,11,,,,,,,,,
,TV,,f7gpU6cpSy8,GOD EATER,,ゴッドイーター,2015,7,11,,,,,,,,http://anime.godeater.jp/,
,TV,,zLVibQyiAGx,枕男子,,マクラノダンシ,2015,7,13,2015,9,28,,,,,,
,TV,,u8wcWvBqF2i,アイドルマスター シンデレラガールズ,2nd Season,アイドルマスター シンデレラガールズ,2015,7,17,2015,10,16,,,,,http://imas-cinderella.com/,
,劇場,,JQFbd2ZN7K6,ポケモン・ザ・ムービーXY「ピカチュウとポケモンおんがくたい」,,ポケモンザムービー エックスワイ ピカチュウトポケモンオンガクタイ,2015,7,18,,,,,,,,,
,劇場,,wmRociSVbFH,ポケモン・ザ・ムービーXY「光輪の超魔神 フーパ」,,ポケモンザムービー エックスワイ リングノチョウマジンフーパ,2015,7,18,,,,,,,,,
,劇場,,VwoyH24SndY,雪の女王 新たなる旅立ち,,ユキノジョウオウ アラタナルタビダチ,2015,7,18,,,,,,,,,
,劇場,,2BrwzRRXhLJ,南の島のラブソング,,ミナミノシマノラブソング,2015,7,18,,,,,,,,,
,劇場,,6yM96qTxwkc,インサイド･ヘッド,,インサイドヘッド,2015,7,18,,,,,,,,,
,TV,,R5boN4jg7KE,Fate/kaleid liner プリズマ☆イリヤ ツヴァイ ヘルツ!,,フェイトカレイドライナー プリズマイリヤ ツヴァイ ヘルツ,2015,7,24,2015,9,25,,,,,http://anime.prisma-illya.jp/2weihelz/,
,劇場,,udv4uSobryY,ミニオンズ,,ミニオンズ,2015,7,31,,,,,,,,,
,劇場,,wmLNjwJXssv,BORUTO ボルト -NARUTO THE MOVIE-,,ボルト ナルトザムービー,2015,8,7,,,,,,,,,
,TVスペシャル,,Gmf9jCy8LTA,NHKスペシャル アニメドキュメント あの日、僕らは戦場で,,エヌエイチケースペシャル アニメドキュメント アノヒボクラハセンジョウデ,2015,8,10,,,,,,,,http://www.nhk.or.jp/special/detail/2015/0811/,
,TVスペシャル,,8sFKZzPZtaY,団地ともおスペシャル ～夏休みの宿題は終わったのかよ?ともお～,,ダンチトモオスペシャル ナツヤスミノシュクダイワオワッタノカヨ トモオ,2015,8,13,,,,,,,,,
,劇場,,geR54uP2rBn,くまのアーネストおじさんとセレスティーヌ,,クマノアーネストオジサントセレスティーヌ,2015,8,15,,,,,,,,,
,TV,,7o5fsBo6hAJ,サンダーバード ARE GO,,サンダーバード アー ゴー,2015,8,15,,,,NHK,,,,,放送日は日本のもの
,TV,,nzsu5zFyirm,ゆるゆり なちゅやちゅみ!+,,ユルユリ ナチュヤチュミ,2015,8,21,2015,9,18,,,,,http://yuruyuri.com/nachup/,
,劇場,,h5EW4gTSw7W,アイカツ！ミュージックアワード　みんなで賞をもらっちゃいまSHOW！,,アイカツミュージックアワード ミンナデショウヲモラッチャイマショウ,2015,8,22,,,,,,,,,
,劇場,,qjrhq3DmQbk,劇場版 デート・ア・ライブ 万由里ジャッジメント,,ゲキジョウバン デートアライブ マユリジャッジメント,2015,8,22,,,,,,,,,
,劇場,,e2iHH2KzJki,氷川丸ものがたり,,ヒカワマルモノガタリ,2015,8,22,,,,,,,,,
,劇場,,g3GtoAhZ7T6,劇場版 弱虫ペダル,,ゲキジョウバン ヨワムシペダル,2015,8,28,,,,,,,,,
,劇場,,byUPBrC5iL2,『たまゆら～卒業写真～』第2部 響-ひびき-,,タマユラ ソツギョウシャシン ダイニブ ヒビキ,2015,8,29,,,,,,,,,
,劇場,,guNFU3c5xi4,映画 かいけつゾロリ うちゅうの勇者たち,,エイガ カイケツゾロリ ウチュウノユウシャタチ,2015,9,12,,,,,,,,,
,劇場,,bagzFqihzMn,劇場版総集編 後編 ハイキュー！！ 勝者と敗者,,ゲキジョウバンソウシュウヘン コウヘン ハイキュー ショウシャトハイシャ,2015,9,18,,,,,,,,,
,劇場,,a3QCzdeb9GU,心が叫びたがってるんだ。,,ココロガサケビタガッテルンダ,2015,9,19,,,,,,,,,
,TV,,nCJjCNGVx5b,トランスフォーマー アドベンチャー,第2期,トランスフォーマー アドベンチャー,2015,9,20,2015,12,13,,,,,http://tf.takaratomy.co.jp/toy/search/adventure/anim.html,
,TV,,orufbGhUoLb,オシリスの天秤,,オシリスノテンビン,2015,9,22,,,,,,,,http://www.fujitv.co.jp/b_hp/150922osiris/index.html,
,TV,,qzvs3nvb2bq,ふうせんいぬティニー,第2期,フウセンイヌティニー,2015,9,24,,,,,,,,http://tinnyballoon.com/,
,TV,,xPw6Z3iTQFv,"DIABOLIK LOVERS MORE,BLOOD",,ディアボリックラヴァーズ モアブラッド,2015,9,24,2015,12,10,,,,,http://anime-dialover.com/dlmb/,
,劇場,,LrNfsLeRzB4,"Wake Up, Girls！続・劇場版 青春の影",,ウェイクアップガールズ ゾクゲキジョウバン セイシュンノカゲ,2015,9,25,,,,,,,,,
,劇場,,6diMh6bMTe3,ARIA The AVVENIRE,,アリアジアッベニーレ,2015,9,26,,,,,,,,,
,TV,,qgsZPQH4UAV,かみさまみならい ヒミツのここたま,,カミサマミナライ ヒミツノココタマ,2015,9,30,,,,,,,,http://www.tv-tokyo.co.jp/anime/cocotama/index2.html,
,TV,,JHqzLpVb3Nk,きょーふ!ゾンビ猫,,キョーフ ゾンビネコ,2015,10,1,,,,,,,,,
,TV,,Pb9uUZH4EPm,ミス・モノクローム -The Animation- 3,,ミスモノクローム ジアニメーションスリー,2015,10,2,2015,12,25,,,,,http://www.starchild.co.jp/special/miss_monochrome_anime_2/,
,TV,,96V9aySmxd5,ハッカドール THE あにめ～しょん,,ハッカドール ジアニメーション,2015,10,2,2015,12,25,,,,,http://hackadoll-anime.com/,
,TV,,RdCho4XrTsY,金田一少年の事件簿R,第2期,キンダイチショウネンノジケンボ リターンズ,2015,10,2,,,,,,,,http://www.toei-anim.co.jp/tv/kindaichi_r/,
,TV,,SQbj4Dd8yut,ヤング ブラック・ジャック,,ヤング ブラックジャック,2015,10,2,2015,12,18,,,,,http://www.tbs.co.jp/anime/ybj/,
,TV,,i5gHQ47wmB7,ランス・アンド・マスクス,,ランス アンド マスクス,2015,10,2,2015,12,18,,,,,http://www.tbs.co.jp/anime/lance/,
,TV,,NuisQR3rif6,猫なんかよんでもこない。,,ネコナンカヨンデモコナイ,2015,10,2,2015,12,18,,,,,,
,TV,,L3A4kLpeUjV,ロボットガールズZプラス,,ロボットガールズゼットプラス,2015,10,2,,,,,,,,http://www.robot-girlsz.com/,
,TV,,UExSfGVZBKD,ヘヴィーオブジェクト,,ヘヴィーオブジェクト,2015,10,2,,,,,,,,http://heavyobject.net/,
,TV,,KV3uaCbxPYV,ルパン三世,2015,ルパンサンセイ,2015,10,2,,,,,,,,http://lupin-new-season.jp/,
,TV,,7EGaTbZhqCJ,いとしのムーコ,,イトシノムーコ,2015,10,2,,,,,,,,http://www.anime-muco.com/,
,TV,,NUsKtKoQ3Zs,影鰐-KAGEWANI-,,カゲワニ,2015,10,2,2015,12,25,,,,,http://kagewani.com/,
,劇場,,MmnWuiuftyX,屍者の帝国,,シシャノテイコク,2015,10,2,,,,,,,,,
,劇場,,oDZmTd5GB47,劇場版 蒼き鋼のアルペジオ -アルス・ノヴァ- Cadenza,,ゲキジョウバン アオキハガネノアルペジオ アルスノヴァ カデンツァ,2015,10,3,,,,,,,,,
,TV,,KmvZjhND2Uj,機動戦士ガンダム 鉄血のオルフェンズ,,キドウセンシガンダム テッケツノオルフェンズ,2015,10,3,,,,,,,,http://g-tekketsu.com/,
,TV,,734YiUFLZ5j,蒼穹のファフナー EXODUS,第2期,ソウキュウノファフナー エグゾダス,2015,10,3,2015,12,26,,,,,http://fafner-exodus.jp/,
,TV,,acVj3sLXkBG,ハイキュー!! セカンドシーズン,,ハイキュー セカンドシーズン,2015,10,3,,,,,,,,http://www.j-haikyu.com/anime/,
,TV,,VuvJt8bHDJt,うたわれるもの 偽りの仮面,,ウタワレルモノ イツワリノカメン,2015,10,3,,,,,,,,http://utawarerumono.jp/,
,TV,,rwFvwPRF5pH,学戦都市アスタリスク,,ガクセントシアスタリスク,2015,10,3,2015,12,19,,,,,http://asterisk-war.com/,
,TV,,ynRTpaLzBFY,K RETURN OF KINGS,,ケイ リターンオブキングス,2015,10,3,2015,12,26,,,,,http://k-project-come-back.jpn.com/,
,TV,,gSwkcCataNX,ノラガミ ARAGOTO,,ノラガミ アラゴト,2015,10,3,2015,12,26,,,,,http://noragami-anime.net/,
,TV,,jP3jUuJ9pxW,落第騎士の英雄譚,,ラクダイキシノキャバルリィ,2015,10,3,2015,12,19,,,,,,
,TV,,b5H8g2RTAWw,コンクリート・レボルティオ～超人幻想～,,コンクリートレボルティオ チョウジンゲンソウ,2015,10,4,2015,12,27,,,,,http://concreterevolutio.com/,
,TV,,nMNai73vGK3,雨色ココア Rainy colorへようこそ!,,アメイロココア レイニーカラーヘヨウコソ,2015,10,4,2015,12,27,,,,,http://rainycocoa.jp/anime/,
,TV,,RCLgVAPSTVW,コメット・ルシファー,,コメット ルシファー,2015,10,4,2015,12,20,,,,,http://comet-lucifer.jp/,
,TV,,n3SUYsuF38x,温泉幼精ハコネちゃん,,オンセンヨウセイハコネチャン,2015,10,4,2015,12,27,,,,,http://www.hakone-chan.jp/,
,TV,,TDgvNyskTa7,小森さんは断れない!,,コモリサンハコトワレナイ,2015,10,4,2015,12,20,,,,,http://komori-anime.com/,
,TV,,MA8JR5NBhkH,進撃!巨人中学校,,シンゲキキョジンチュウガッコウ,2015,10,4,2015,12,20,,,,,http://kyojinchu.tv/,
,TV,,wvvv3TBt8jW,Peeping Life,,ピーピングライフ,2015,10,4,2015,12,20,,,,,http://www.cwfilms.jp/peeping/,
,TV,,NmRtGJqx5EF,こわぼん,,コワボン,2015,10,4,2015,12,27,,,,,https://www.kbc.co.jp/kowabon/,
,TV,,Gofd3hRb4pM,終物語,,オワリモノガタリ,2015,10,4,2015,12,20,,,,,http://www.monogatari-series.com/owarimonogatari/,
,TV,,QtG47BDesZr,おしりかじり虫,第4期,オシリカジリムシ,2015,10,5,2015,12,7,,,,,http://www9.nhk.or.jp/anime/oshiri/,
,TV,,dAbKrdkAFsP,どちゃもん じゅにあ,,ドチャモン ジュニア,2015,10,5,,,,,,,,http://www9.nhk.or.jp/anime/dochamon/,
,TV,,yNmqEmayqQN,ワンパンマン,,ワンパンマン,2015,10,5,2015,12,21,,,,,http://onepunchman-anime.net/,
,TV,,wmXrFwu3pND,ゆるゆり さん☆ハイ!,,ユルユリ サンハイ,2015,10,6,2015,12,22,,,,,http://yuruyuri.com/3hai/,
,TV,,edwCUFaAF8W,てーきゅう,第6期,テーキュウ,2015,10,6,2015,12,22,,,,,http://te-kyu.com/,
,TV,,NGe3EiWqGkc,緋弾のアリアAA,,ヒダンノアリア ダブルエー,2015,10,6,2015,12,22,,,,,,
,TV,,38d3eSiUNcv,新あたしンち,,シン アタシンチ,2015,10,6,,,,,,,,http://www.animax.co.jp/special/atashinchi/,
,TV,,EwW8nrW6Sk2,おそ松さん,,オソマツサン,2015,10,6,,,,,,,,http://osomatsusan.com/,
,TV,,yoAUNmdf2EP,スタミュ,,スタミュ,2015,10,6,2015,12,22,,,,,http://hstar-mu.com/,
,TV,,9FbVixq7b52,JKめし!,,ジェイケーメシ,2015,10,6,,,,,,,,http://jkmeshi.jp/,
,TV,,TUrXE8Lzfzf,俺がお嬢様学校に「庶民サンプル」としてゲッツされた件,,オレガオジョウサマガッコウニショミンサンプルトシテゲッツサレタケン,2015,10,7,2015,12,23,,,,,http://syominsample-anime.jp/,
,TV,,vdFWhoEEemS,探偵チームKZ事件ノート,,タンテイチームカッズジケンノート,2015,10,7,2016,1,27,,,,,http://www9.nhk.or.jp/anime/kz/,
,TV,,87UKWRJ4yst,不思議なソメラちゃん,,フシギナソメラチャン,2015,10,7,2015,12,23,,,,,,
,TV,,UWg3cU76Mkc,Dance with Devils,,ダンスウィズデビルス,2015,10,7,2015,12,23,,,,,http://dwd-anime.com/,
,TV,,J4ZeQfMvArD,北斗の拳 イチゴ味,,ホクトノケン イチゴアジ,2015,10,7,2015,12,23,,,,,,
,TV,,2kSm8kUUMmW,DD北斗の拳2,,ディーディーホクトノケンツー,2015,10,7,2015,12,23,,,,,http://www.ddhokuto.com/pc/,
,TV,,QWWpz9E7skU,櫻子さんの足下には死体が埋まっている,,サクラコサンノアシモトニハシタイガウマッテイル,2015,10,8,2015,12,24,,,,,,
,TV,,cpuCGErBni3,対魔導学園35試験小隊,,タイマドウガクエンサンジュウゴシケンショウタイ,2015,10,8,2015,12,24,,,,,http://35shoutai.jp/,
,劇場,,FDrH5ZHPwJM,リトルウィッチアカデミア 魔法仕掛けのパレード,,リトルウィッチアカデミア マホウジカケノパレード,2015,10,9,,,,,,,,,
,TV,,N9zTTJFVDPa,すべてがFになる THE PERFECT INSIDER,,スベテガエフニナル ザパーフェクトインサイダー,2015,10,9,2015,12,18,,,,,http://www.f-noitamina.com/,
,TV,,RTJbs6mgnRZ,カードファイト!! ヴァンガードG ギアースクライシス編,,カードファイトヴァンガードジーギアースクライシスヘン,2015,10,10,,,,,,,,http://www.tv-tokyo.co.jp/anime/cf-vanguard-g2/index2.html,
,TV,,9i5mbR5PTxu,終わりのセラフ 名古屋決戦編,,オワリノセラフ ナゴヤケッセンヘン,2015,10,10,2015,12,26,,,,,http://owarino-seraph.jp/,
,TV,,x4vTcrQE7Ly,VALKYRIE DRIVE -MERMAID-,,ヴァルキリードライヴ マーメイド,2015,10,10,2015,12,26,,,,,http://valkyriedrive.jp/anime/,
,劇場,,F76DF3Q9quA,GAMBA ガンバと仲間たち,,ガンバ ガンバトナカマタチ,2015,10,10,,,,,,,,,
,TV,,2mKEqmfeiEi,ご注文はうさぎですか??,,ゴチュウモンハウサギデスカ,2015,10,10,2015,12,26,,,,,http://www.gochiusa.com/,
,TV,,MvgSVVcG8ua,新妹魔王の契約者 BURST,,シンマイマオウノテスタメント バースト,2015,10,10,2015,12,12,,,,,http://anime-shinmaimaou.com/,
,TV,,qnikfP5AMyz,牙狼 -紅蓮ノ月-,,ガロ グレンノツキ,2015,10,10,,,,,,,,https://garo-project.jp/ANIME2/,
,劇場,,Rst7dGLne64,UFO学園の秘密,,ユーフォーガクエンノヒミツ,2015,10,10,,,,,,,,,
,TV,,jH4gwkxnGR5,どうしても干支にはいりたい,,ドウシテモエトニハイリタイ,2015,10,11,2016,1,10,,,,,http://etononeko.jp/,
,TV,,e6AW89J5gqw,ブレイブビーツ,,ブレイブビーツ,2015,10,11,,,,,,,,http://www.bravebeats.net/,
,TV,,TGcdwe8Doow,血液型くん!3,,ケツエキガタクンスリー,2015,10,13,2015,12,29,,,,,http://ketsuekigatakun.com/,
,TV,,2wmJo2pT2Se,あにトレ!EX,,アニトレイーエックス,2015,10,13,2015,12,29,,,,,http://anime-training.com/,
,TV,,wtaCqceh75Q,猫のダヤン 日本へ行く,,ネコノダヤン ニッポンエイク,2015,10,16,,,,,,,,,
,劇場,,SCutZXxT4jS,とびだすプリパラ　み～んなでめざせ！アイドル☆グランプリ,,トビダスプリパラ ミーンナデメザセ アイドルグランプリ,2015,10,24,,,,,,,,,
,TV,,pXiYDgQyNFC,ポケットモンスター XY&Z,,ポケットモンスター エックスワイアンドゼット,2015,10,28,,,,,,,,http://www.tv-tokyo.co.jp/anime/pokemon_xyz/index2.html,
,劇場,,EKxD3vetj3C,映画 Go！プリンセスプリキュア Go！Go！！豪華3本立て！！！ パンプキン王国のたからもの,,エイガ ゴープリンセスプリキュアゴーゴー ゴウカサンボンダテ パンプキンオウコクノタカラモノ,2015,10,31,,,,,,,,,
,劇場,,gBhkbax9Pwj,プリキュアとレフィのワンダーナイト！,,プリキュアトレフィノワンダーナイト,2015,10,31,,,,,,,,,
,劇場,,cacVUFxwkQa,キュアフローラといたずらかがみ,,キュアフローラトイタズラカガミ,2015,10,31,,,,,,,,,
,TV,,fLGyQ34cqHG,ミニはま -MINIMUM HAMATORA-,,ミニハマ ミニマムハマトラ,2015,11,2,,,,,,,,,
,TV,,aYkGGY6kwpx,こども刑事めめたん,,コドモケイジメメタン,2015,11,7,2015,12,26,,,,,,
,劇場,,5A9PuW8uNgQ,ハーモニー,,ハーモニー,2015,11,13,,,,,,,,,
,劇場,,q8y3LAWXvyf,劇場版 ミニはま,,ゲキジョウバン ミニハマ,2015,11,14,,,,,,,,,
,劇場,,PArWsCvjMFk,Fw:ハマトラ,,フォワード ハマトラ,2015,11,14,,,,,,,,,
,劇場,,nCTPG2rV8vp,デジモンアドベンチャー tri.第1章「再会」,,デジモンアドベンチャートライ ダイイッショウ サイカイ,2015,11,21,,,,,,,,,
,劇場,,2AirV7ouK7p,リトルプリンス 星の王子さまと私,,リトルプリンス ホシノオウジサマトワタシ,2015,11,21,,,,,,,,,
,劇場,,DD59aESALmm,ガールズ＆パンツァー 劇場版,,ガールズアンドパンツァー ゲキジョウバン,2015,11,21,,,,,,,,,
,劇場,,xw5WKNkX5L9,亜人 第1部 -衝動-,,アジン ダイイチブ ショウドウ,2015,11,27,,,,,,,,http://www.ajin.net/,
,劇場,,TXHxpQ9pFwu,『たまゆら～卒業写真～』第3部 憧 - あこがれ -,,タマユラ ソツギョウシャシン ダイサンブ アコガレ,2015,11,28,,,,,,,,,
,劇場,,HZphiYggtzW,I LOVE スヌーピー THE PEANUTS MOVIE,,アイラブスヌーピー ザピーナッツムービー,2015,12,4,,,,,,,,,
,劇場,,Wmmz5VUjCRd,ハイ☆スピード！-Free！ Starting Days-,,ハイスピード フリー スターティングデイズ,2015,12,5,,,,,,,,,
,劇場,,pWGLE5PkfPd,紅殻のパンドラ,劇場先行上映,コウカクノパンドラ,2015,12,5,,,,,,,,,
,劇場,,omo9NveM79P,"Wake Up, Girls！ Beyond the Bottom",,ウェイクアップガールズ ビヨンドザボトム,2015,12,11,,,,,,,,,
,劇場,,DXgJ8UnXsvK,映画 妖怪ウォッチ エンマ大王と5つの物語だニャン！,,エイガ ヨウカイウォッチ エンマダイオウトイツツノモノガタリダニャン,2015,12,19,,,,,,,,,
,TV,,2VBks6UeZvV,コチンPa!,,コチンパ,2015,12,22,,,,,,,,,
,劇場,,YcjFHT6kK4A,映画ちびまる子ちゃん イタリアから来た少年,,エイガ チビマルコチャン イタリアカラキタショウネン,2015,12,23,,,,,,,,,
,TV,,EviBHMnN9vr,ミムマムミント,,ミムマムミント,2015,12,24,,,,,,,,,
,TV,,wYzQuRCLdDN,青春×機関銃 特別編,,アルハルキカンジュウウ トクベツヘン,2015,12,25,,,,,,,,,
,TV,,YjVRNJxTmJD,プリンス・オブ・ストライド オルタナティブ,,プリンスオブストライドオルタナティブ,2016,1,4,2016,3,21,,,,,,
,TV,,5YaeB8XaWgS,アクティヴレイド -機動強襲室第八係-,第1期,アクティブレイドキドウキョウシュウダイハチガカリ,2016,1,7,2016,3,24,,,,,,
,TV,,tqRtvs6osFP,ハルチカ～ハルタとチカは青春する～,,ハルチカハルタトチカハセイシュンシュル,2016,1,7,2016,3,24,,,,,,
,TV,,6xBqnwEFGpa,無彩限のファントム・ワールド,,ムサイゲンノファントムワールド,2016,1,7,2016,3,31,,,,,,
,TV,,gYzHCfKRYux,少女たちは荒野を目指す,,ショウジョタチハコウヤヲメザス,2016,1,7,2016,3,24,,,,,,
,TV,,J2DSTBQiy5a,NORN9 ノルン+ノネット,,ノスンナインノルンノネット,2016,1,7,2016,3,31,,,,,,
,TV,,KN9Vo55Gvyd,SUSHI POLICE,,スシポリス,2016,1,7,2016,3,31,,,,,,
,TV,,84iM9PDYtu2,ファンタシースターオンライン2 ジ アニメーション,,ファンタシースターオンラインツージアニメーション,2016,1,8,2016,4,1,,,,,,
,TV,,LVE3vyKfqbH,おしえて! ギャル子ちゃん,,オシエテギャルコチャン,2016,1,8,2016,3,25,,,,,,
,TV,,kbSRoLVzUEu,おじさんとマシュマロ,,オジサンヲマシュマロ,2016,1,8,2016,3,25,,,,,,
,TV,,uRUNLSbDsW5,紅殻のパンドラ,TV,コウカクノパンドラ,2016,1,8,2016,3,25,,,,,,
,TV,,WX4aYXzq3y2,ディバインゲート,,ディバインゲート,2016,1,8,2016,3,25,,,,,,
,TV,,NwMY4xQkTRG,僕だけがいない街,,ボクダケガイナイマチ,2016,1,8,2016,3,25,,,,,,
,TV,,GSSNPDSoVRE,旅街レイトショー,,タビマチレイトショー,2016,1,8,2016,1,29,,,,,,
,TV,,SmzfAG8tVEK,暗殺教室,第2期,アンサツキョウシツ,2016,1,8,2016,7,1,,,,,,
,劇場,,acFH7SdNMDu,傷物語 鉄血篇,,キズモノガタリ テッケツヘン,2016,1,8,,,,,,,,,
,TV,,3QETP76pKDu,石膏ボーイズ,,セッコウボーイズ,2016,1,8,2016,3,25,,,,,,
,TV,,kJVM6KJ6JR6,だがしかし,,ダガシナシ,2016,1,8,2016,4,1,,,,,,
,TV,,eGnHPBm2KSy,GATE 自衛隊 彼の地にて、斯く戦えり,第2期,ゲートジタイタイカノチニテカクタタカエリ,2016,1,9,2016,3,26,,,,,,
,劇場,,zGVLZeCAqSZ,KING OF PRISM by PrettyRhythm,,キングオブプリズム バイ プリティーリズム,2016,1,9,,,,,,,,,
,劇場,,Am4fMyiiDzQ,ガラスの花と壊す世界,,ガラスノハナトコワスセカイ,2016,1,9,,,,,,,,,
,TV,,ZHwk5bP2UEY,霊剣山 星屑たちの宴,,レイゲンザンホシクズタチノウタゲ,2016,1,9,2016,3,26,,,,,,
,TV,,vUgLk2ujykA,デュラララ!!×2 結,,デュラララツーケツ,2016,1,9,2016,3,26,,,,,,
,TV,,FGr6xE8BhU4,ブブキ・ブランキ,,ブブキブランキ,2016,1,9,2016,3,26,,,,,,
,TV,,X2xxZT2G8Vs,ラクエンロジック,,ラクエンロジック,2016,1,9,2016,3,26,,,,,,
,TV,,iCiRcJXziFS,昭和元禄落語心中,,ショウワゲンロクラクゴシンジュウ,2016,1,9,2016,4,2,,,,,,
,TV,,uh5svt9fege,ナースウィッチ小麦ちゃんR,,ナースウィッチコムギチャンリターン,2016,1,10,2016,3,27,,,,,,
,TV,,KdNeBinwXLF,大家さんは思春期!,,オオヤサンハシシュンキ,2016,1,10,2016,3,27,,,,,,
,TV,,E4Gr8yzCJDk,Dimension W,,ディメンションダブリュー,2016,1,10,2016,3,27,,,,,,
,TV,,sbb9ehaiinv,虹色デイズ,,ニジイロデイズ,2016,1,10,2016,6,26,,,,,,
,TV,,wR99MB5oERN,シュヴァルツェスマーケン,,シュヴァルツェスマーケン,2016,1,11,2016,3,28,,,,,,
,TV,,VEaV2UqtS6R,灰と幻想のグリムガル,,ハイトゲンソウノグリムガル,2016,1,11,2016,3,28,,,,,,
,TV,,dQr4soKkaN9,最弱無敗の神装機竜,,サイジャクムハイノシンソウキリュウ,2016,1,11,2016,3,28,,,,,,
,TV,,Wd6Zyaeh3FN,闇芝居,第3期,ヤミシバイ,2016,1,11,2016,4,4,,,,,,
,TV,,Nt7YqByuRuE,魔法少女なんてもういいですから。,,マホウショウジョナンテモウイイデスカラ,2016,1,12,2016,3,29,,,,,,
,TV,,G5NffHXzdcX,蒼の彼方のフォーリズム,,アオノカナタノフォーリズム,2016,1,12,2016,3,29,,,,,,
,TV,,Kxo6e4wTPBH,赤髪の白雪姫,第2期,アカガミノシラユキヒメ,2016,1,12,2016,3,29,,,,,,
,TV,,oJF5tsZoimM,てーきゅう,第7期,テーキュウ,2016,1,12,2016,3,29,,,,,,
,TV,,Bjw5qsbem94,血液型くん!4,,ケツエキガタクン,2016,1,12,2016,3,29,,,,,,
,TV,,Ng9VXLwMYSz,この素晴らしい世界に祝福を!,,コノスバラシイセカイニシュクフクヲ,2016,1,14,2016,3,17,,,,,,
,劇場,,Mwb8pxcZvfz,シンドバッド 魔法のランプと動く島,,シンドバッド マホウノランプトウゴクシマ,2016,1,16,,,,,,,,,
,TV,,yN9ZGXgtXvB,亜人,,アジン,2016,1,16,2016,4,9,,,,,http://www.ajin.net/,
,TV,,82nKMekMWWT,がんばれ! ルルロロ TINY★TWIN★BEARS,第3期,ガンバレルルロロタイニーツインベアーズ,2016,1,21,2016,3,24,,,,,,
,劇場,,kqQx6EfT4wd,PERSONA3 THE MOVIE #4 Winter of Rebirth,,ペルソナスリーザムービー ダイヨンショウ ウィンターオブリバース,2016,1,23,,,,,,,,,
,TV,,UBwrYkN6dJZ,この男子、魔法がお仕事です。,,コノダンシマホウガオシゴトデス,2016,2,5,2016,2,26,,,,,,
,劇場,,ZutNcZYduon,劇場版 ラストエグザイル ‐銀翼のファム‐ Over The Wishes,,ゲキジョウバン ラストエグザイル ギンヨクノファム オーバーザウィッシュズ,2016,2,6,,,,,,,,,
,劇場,,zKvEchV6HyA,コードギアス　亡国のアキト　最終章「愛シキモノタチヘ」,,コードギアス ボウコクノアキト サイシュウショウ イトシキモノタチエ,2016,2,6,,,,,,,,,
,劇場,,hVsFBCNqwbY,新劇場版『頭文字D Legend3 -夢現-』,,シンゲキジョウバン イニシャルディー レジェンドスリー ムゲン,2016,2,6,,,,,,,,,
,TV,,A8x3xGVfBup,リルリルフェアリル ～妖精のドア～,,リルリルフェアリルヨウセイノドア,2016,2,6,2017,3,25,,,,,,
,TV,,cMjmBX24QWF,魔法つかいプリキュア!,,マホウツカイプリキュア,2016,2,7,2017,1,29,,,,,,
,TV,,7wpyXd8mwna,想いのかけら,5分版,オモイノカケラ,2016,2,11,2016,2,11,,,,,,
,劇場,,nWhw2aLdiUb,劇場版 selector destructed WIXOSS,,ゲキジョウバン セレクター ディストラクテッド ウィクロス,2016,2,13,,,,,,,,,
,劇場,,YdTMDd7X6Fj,モンスターホテル2,,モンスターホテルツー,2016,2,20,,,,,,,,,
,劇場,,3DoDDoCuC8x,同級生,,ドウキュウセイ,2016,2,20,,,,,,,,,
,劇場,,wScHdg4aqLc,劇場版　探偵オペラ　ミルキィホームズ～逆襲のミルキィホームズ～,,ゲキジョウバン タンテイオベラ ミルキィホームズ ギャクシュウノミルキィホームズ,2016,2,27,,,,,,,,,
,劇場,,SrPskJuupzm,カラフル忍者いろまき,,カラフルニンジャイロマキ,2016,3,1,,,,,,,,,
,劇場,,PUdVXvQQHsh,かっちけねぇ！,,カッチケネェ,2016,3,1,,,,,,,,,
,劇場,,YGfBdFuomf9,父を探して,,チチヲサガシテ,2016,3,1,,,,,,,,,
,劇場,,oETrE5YE67o,風の又三郎,,カゼノマタサブロウ,2016,3,1,,,,,,,,,
,劇場,,uojGR2rmUcW,UTOPA,,ユートパ,2016,3,1,,,,,,,,,
,TV,,xt9cN8zSEHd,彼女と彼女の猫 -Everything Flows-,,カノジョトカノジョノネコエブリシングフロウズ,2016,3,4,2016,3,25,,,,,,
,劇場,,EEG4589wArN,ひつじのショーン スペシャル いたずらラマがやってきた！,,ヒツジノショーン スペシャル イタズララマガヤッテキタ,2016,3,5,,,,,,,,,
,劇場,,ifusSd8LFwC,映画ドラえもん　新・のび太の日本誕生,,エイガ ドラエモン シン ノビタノニッポンタンジョウ,2016,3,5,,,,,,,,,
,劇場,,2CLtFc2ekws,映画 プリパラ み～んなのあこがれ♪レッツゴー☆プリパリ,,エイガ プリパラ ミーンナノアコガレ レッツゴープリパリ,2016,3,12,,,,,,,,,
,劇場,,aFv5CjWm2vA,デジモンアドベンチャー tri.第2章「決意」,,デジモンアドベンチャートライ ダイニショウ ケツイ,2016,3,12,,,,,,,,,
,劇場,,JpP8MxT2ojn,アーロと少年,,アーロトショウネン,2016,3,12,,,,,,,,,
,劇場,,2r9oEk5V8oc,ボクのスーパーチーム,,ボクノスーパーチーム,2016,3,16,,,,,,,,,
,劇場,,uXEKPD5kC5U,甲鉄城のカバネリ 序章,,コウテツジョウノカバネリ ジョショウ,2016,3,18,,,,,,,,,
,劇場,,nQPUSKCF4gE,映画プリキュアオールスターズ みんなで歌う♪奇跡の魔法！,,エイガプリキュアオールスターズ ミンナデウタウ キセキノマホウ,2016,3,19,,,,,,,,,
,TV,,gf2zZDDYUBH,想いのかけら,長編版,オモイノカケラ,2016,3,24,2016,3,24,,,,,,
,TV,,qbZnkepuDXS,宇宙パトロールルル子,,ウチュウパトロールルルコ,2016,4,1,2016,6,24,,,,,,
,TV,,QeVHaecXKrh,うしおととら,第2期,ウシオトトラ,2016,4,1,2016,6,24,,,,,,
,TV,,8Mk2B4jEwGD,影鰐-KAGEWANI-承,,カゲワニショウ,2016,4,1,2016,6,24,,,,,,
,TV,,eaWspnwx6sp,迷家 -マヨイガ-,,マヨイガ,2016,4,1,2016,6,17,,,,,,
,TV,,G9PFkTLnMMu,猫も、オンダケ,,ネコモオンダケ,2016,4,1,2016,6,17,,,,,,
,TV,,GHXzwHXfHFU,ジョジョの奇妙な冒険 ダイヤモンドは砕けない,,ジョジョノキミョウナボウケンダイヤモンドハクダケナイ,2016,4,2,2016,12,24,,,,,,
,劇場,,y96bbQXPxmT,『たまゆら～卒業写真～』第4部 朝-あした-,,タマユラ ソツギョウシャシン ダイヨンブ アシタ,2016,4,2,,,,,,,,,
,TV,,yvSjgg3vP9e,フューチャーカード バディファイトDDD,,フューチャーカードバディファイトディディディ,2016,4,2,2017,3,25,,,,,,
,TV,,grDSCZmPAW8,逆転裁判 ～その「真実」、異議あり!～,,ガクテンサイバンソノシンジツイギアリ,2016,4,2,2016,9,24,,,,,,
,TV,,wygCjFghAkt,学戦都市アスタリスク,第2期,ガクセントシアスタリスク,2016,4,2,2016,6,18,,,,,,
,TV,,UucwakUGeGq,テラフォーマーズ リベンジ,,テラフォーマースリベンジ,2016,4,2,2016,6,25,,,,,,
,TV,,6BNMPey2vxa,パンパカパンツ WおNEW!,,パンパカパンツダブルオニュー,2016,4,2,2016,10,1,,,,,,
,TV,,SptcqXHkpZP,アグレッシブ烈子,,アグレッシブレツコ,2016,4,2,,,,,,,,,
,TV,,s7uQuVutQB6,ぼのぼの,第2作,ボノボノ,2016,4,2,,,,,,,,,
,TV,,s2QV7ZqTkPw,僕のヒーローアカデミア,第1期,ボクノヒーローアカデミア,2016,4,3,2016,6,26,,,,,,
,TV,,Ky5oQdnCYJ3,ラグナストライクエンジェルズ,,ラグナストライクエンジェルス,2016,4,3,2016,6,19,,,,,,
,TV,,og2xYeo9qBZ,機動戦士ガンダムUC Re:0096,,キドウセンシガンダムユニコーンリダブルオーナインティシックス,2016,4,3,2016,9,11,,,,,,
,TV,,DtvLEpDF8p3,デュエル・マスターズ VSRF,,デュエルマスターズヴァーサスレヴォリューションファイナル,2016,4,3,2017,3,26,,,,,,
,TV,,x4r242fLkRs,エンドライド,,エンドライド,2016,4,3,2016,9,25,,,,,,
,TV,,sMqSr99PogZ,パンでPeace!,,パンデピース,2016,4,3,2016,6,26,,,,,,
,TV,,NascPQ6TvYp,マクロスΔ,,マクロスデルタ,2016,4,3,2016,9,25,,,,,,
,TV,,wVxAgQv79CG,くまみこ,,クマミコ,2016,4,3,2016,6,19,,,,,,
,TV,,5KtpEpHyy8Z,美少女戦士セーラームーンCrystal Season,,ビショウジョセンシセーラームーンクリスタルシーズン,2016,4,4,2016,6,27,,,,,,
,TV,,PkwewYR6P9X,12歳。 ～ちっちゃなムネのトキメキ～,,ジュウニサイチッチャナムネノトキメキ,2016,4,4,2016,6,20,,,,,,
,TV,,bVV3WYeN48a,Re:ゼロから始める異世界生活,,リゼロカラハジメルイセカイセイカツ,2016,4,4,2016,9,19,,,,,,
,TV,,djv8mUbEUb2,ベイブレードバースト,,ベイブレードバースト,2016,4,4,2017,3,27,,,,,,
,TV,,rZTe6QDDHPC,怪盗ジョーカー,,カイトウジョーカー,2016,4,4,2016,6,27,,,,,,
,TV,,QDXWyiQbqWd,朝だよ!貝社員,,アサダヨカイシャイン,2016,4,4,,,,,,,,,
,TV,,5Z7bkgXR7FE,聖戦ケルベロス 竜刻のファタリテ,,セイケンケルベロスシュウコクノファタリテ,2016,4,5,2016,6,28,,,,,,
,TV,,XNDkobPhE3y,少年アシベ GO! GO! ゴマちゃん,,ショウネンアシベゴーゴーゴマチャン,2016,4,5,2017,2,21,,,,,,
,TV,,6dA3YDCrdQG,薄桜鬼 ～御伽草子～,,ハクオウキ オトギゾウシ,2016,4,5,2016,6,28,,,,,,
,TV,,i93w8EFLrH5,ジョーカー・ゲーム,,ジョーカーゲーム,2016,4,5,2016,6,21,,,,,,
,TV,,rAoxP4X3v2P,ハンドレッド,,ハンドレッド,2016,4,5,2016,6,21,,,,,,
,TV,,CEcEt9N2hCb,ばくおん!!,,バクオン,2016,4,5,2016,6,21,,,,,,
,TV,,H35nq6g7U5G,美少女遊戯ユニット クレーンゲール,第1期,ビショウジョユウギユニットクレーンゲール,2016,4,6,2016,6,29,,,,,,
,TV,,KkX7XZuXxFg,バトルスピリッツ ダブルドライブ,,バトルスピリッツダブルドライブ,2016,4,6,2017,3,29,,,,,,
,TV,,QutvBsiA9Z7,SUPER LOVERS,,スーパーラヴァーズ,2016,4,6,2016,6,8,,,,,,
,TV,,tbE25CZZzTv,ねこねこ日本史,,ネコネコニホンシ,2016,4,6,,,,,,,,,
,TV,,TagWWiZvacu,双星の陰陽師,,ソウセイノオンミョウジ,2016,4,6,2017,3,29,,,,,,
,TV,,Qd6RndmtCya,ネトゲの嫁は女の子じゃないと思った?,,ネトゲヨメハオンナコノジャナイトオモッタ,2016,4,7,2016,6,23,,,,,,
,TV,,JiVKqtJ5GEt,文豪ストレイドッグス,第1期,ブンゴウストレイドッグス,2016,4,7,2016,6,23,,,,,,
,TV,,6J22pHSKDrK,アイカツスターズ!,,アイカルスターズ,2016,4,7,,,,,,,,,
,TV,,bbr3SuBoBit,あんハピ♪,,アンハピ,2016,4,7,2016,6,23,,,,,,
,TV,,DM8yuyxbhiP,クロムクロ,,クロムクロ,2016,4,7,2016,9,29,,,,,,
,TV,,XJifFwJhZ3s,鬼斬,,オニギリ,2016,4,7,2016,6,30,,,,,,
,TV,,rgzxwgHQbLn,甲鉄城のカバネリ,,コウテツジョウノカバネリ,2016,4,8,2016,7,1,,,,,,
,TV,,qLBhvkKvDrW,あはれ!名作くん,,アハレメイサククン,2016,4,8,2017,2,17,,,,,,
,TV,,snKhpZaVGVj,坂本ですが?,,サカモトデスガ,2016,4,8,2016,7,1,,,,,,
,TV,,vZJqa8d5j39,少年メイド,,ショウネンメイド,2016,4,8,2016,7,1,,,,,,
,劇場,,DLk6PnzdAxP,映画 きかんしゃトーマス 探せ！！ 謎の海賊船と失われた宝物,,エイガ キカンシャトーマス サガセ ナゾノカイゾクセントウシナワレタタカラモノ,2016,4,9,,,,,,,,,
,TV,,CUHTsoh7bwz,田中くんはいつもけだるげ,,タナカクンハイツモケダルゲ,2016,4,9,2016,6,25,,,,,,
,TV,,AVbLdSAi58X,境界のRINNE,第2シリーズ,キョウカイノリンネ,2016,4,9,2016,9,24,,,,,,
,TV,,feCogiyGYqX,キズナイーバー,,キズナイーバー,2016,4,9,2016,6,25,,,,,,
,TV,,YfggZWDDTZF,CoCO & NICO,,ココニコ,2016,4,9,,,,,,,,,
,TV,,33BDEht5u6e,コンクリート・レボルティオ～超人幻想～ THE LAST SONG,,コンクリートレボルティオチョウジンゲンソウザラストソング,2016,4,10,2016,6,19,,,,,,
,TV,,N7n3tBgFdiM,なめこ ～せかいのともだち～,,ナメコセカイノトモダチ,2016,4,10,,,,,,,,,
,TV,,V7iPo5MNzGb,ハイスクール・フリート,,ハイスクールフリート,2016,4,10,2016,6,26,,,,,,タイトルは1話のみ『はいふり』2話以降が『ハイスクール・フリート』
,TV,,QMmDQEg8mxc,とんかつDJアゲ太郎,,トンカツディージェーアゲタロウ,2016,4,10,2016,6,26,,,,,,
,TV,,etEL2THxb2d,ふらいんぐうぃっち,,フライングウィッチ,2016,4,10,2016,6,26,,,,,,
,TV,,HZraLzPYfWB,三者三葉,,サンシャサンヨウ,2016,4,11,2016,6,27,,,,,,
,TV,,YwAmkHggonW,忍者ハットリくん,インド版 第3期,ニンジャハットリクン,2016,4,12,,,,,,,,,
,TV,,crWZkj9Spqw,ワガママハイスペック,,ワガママハイスペック,2016,4,12,2016,6,28,,,,,,
,TV,,ubnuz3gR5QX,うさかめ,,ウサカメ,2016,4,12,2016,6,28,,,,,,
,劇場,,KWpWWkGHrnc,映画クレヨンしんちゃん 爆睡！ ユメミーワールド大突撃,,エイガクレヨンシンチャン バクスイ ユメミーワールドダイトツゲキ,2016,4,16,,,,,,,,,
,劇場,,saFuqzcDsVu,名探偵コナン 純黒の悪夢,,メイタンテイコナン ジュンコクノナイトメア,2016,4,16,,,,,,,,,
,TV,,M38SRhmQgEq,ビッグオーダー,,ビッグオーダー,2016,4,16,2016,6,18,,,,,,
,TV,,rTw6S2zCFFU,カードファイト!! ヴァンガードG ストライドゲート編,,カードファイトヴァンガードジーストライドゲートヘン,2016,4,17,2016,9,25,,,,,,
,TV,,a9fxRTYi9ek,マギ シンドバッドの冒険,,マギシンドバッドノボウケン,2016,4,17,2016,7,3,,,,,,
,劇場,,VZu8z4skK2f,劇場版 響け！ユーフォニアム ～ 北宇治高校吹奏楽部へようこそ ～,,ゲキジョウバン ヒビケユーフォニアム キタウジコウコウスイソウガクブヘヨウコソ,2016,4,23,,,,,,,,,
,劇場,,xvnDTPeFWP2,ずっと前から好きでした。 ～告白実行委員会～,,ズットマエカラスキデシタ コクハクジッコウイインカイ,2016,4,23,,,,,,,,,
,TV,,fTEEWmaiP4f,カミワザ・ワンダ,,カミワザワンダ,2016,4,23,,,,,,,,,
,劇場,,72P8Vr35GHU,ズートピア,,ズートピア,2016,4,23,,,,,,,,,
,TVスペシャル,,7iTs4YVkeSn,FNS地球特捜隊ダイバスター緊急出動! トーテムとか徹底調査SP,,エフエヌエスチキュウトクソウタイダイバスターキンキュウシュツドウトーレムトカテッテイチョウサスペシャル,2016,4,29,,,,,,,,,特撮+アニメ+実写
,劇場,,v4detZGFcdk,遊☆戯☆王 THE DARK SIDE OF DIMENSIONS,,ユウギオウ ザダークサイドオブディメンジョンズ,2016,5,1,,,,,,,,,
,TV,,c7ib94LR7oW,ムズムズ18,第1期,ムズムズエイティーン,2016,5,3,2016,5,21,,,,,,
,TV,,qmNd3S3qCre,それいけ!サブイボマスク,,ソケイケサブイボマスク,2016,5,6,2016,6,24,,,,,,
,劇場,,PTYZusGQpyW,亜人 第2部 -衝突-,,アジン ダイニブ ショウトツ,2016,5,6,,,,,,,,http://www.ajin.net/,
,劇場,,KRF6t79iNRg,シンドバッド,,シンドバッド,2016,5,14,,,,,,,,,
,劇場,,YFN6oV2kXhS,ガルム・ウォーズ,日本版,ガルムウォーズ,2016,5,20,,,,,,,,,
,劇場,,2NjMcew9sH4,劇場版 牙狼〈GARO〉‐DIVINE FLAME‐,,ゲキジョウバン ガロ ディバインフレーム,2016,5,21,,,,,,,,,
,劇場,,6oq3KAEJg4n,なぜ生きる －蓮如上人と吉崎炎上ー,,ナゼイキル レンニョショウニントヨシザキエンジョウ,2016,5,21,,,,,,,,,
,劇場,,yDgpDbAiv8m,明日の世界,,アシタノセカイ,2016,5,21,,,,,,,,,
,OVA,,wZqoifgtX8b,ガールズ＆パンツァー OVA 「愛里寿・ウォー！」,,ガールズアンドパンツァー オーブイエー アリスウォー,2016,5,27,,,,,,,,,
,劇場,,At5d8GJt7wo,レゴ ネックスナイツ 4D ムービー,,レゴ ネックスナイツ フォーディームービー,2016,6,1,,,,,,,,,
,TV,,vEkaxH3sUUf,オトナの一休さん,,オトナノイッキュウサン,2016,6,6,2016,6,13,,,,,,
,TV,,MveGpUmZVRP,ほのぼのログ,,ホノボノログ,2016,6,7,2016,6,18,,,,,,
,TV,,bV4AxLMhg63,ネコこのゴロ,,ネココノゴロ,2016,6,9,,,,,,,,,
,TV,,yDXmtvmuj8j,オシリスの天秤 -season2-,,オシリスノテンビンシーズンツー,2016,6,25,2016,6,25,,,,,,
,TV,,TADmjBFgUCb,RS計画 -Rebirth Storage-,,アールエスケイカクリバースストレージ,2016,6,26,2016,6,26,,,,,,
,TV,,CXaKjNp9DW2,不機嫌なモノノケ庵,,フキゲンナモノノケアン,2016,6,28,2016,9,20,,,,,,
,TV,,UjbsZF6Eht4,ぐらP&ろで夫II,,グラピーロデオツー,2016,7,1,2016,12,30,,,,,,
,TV,,QPoaobR5X4k,ベルセルク,,ベルセルク,2016,7,1,2016,9,16,,,,,,
,TV,,CFUtWCbk5ng,ももくり,,モモクリ,2016,7,1,2016,9,23,,,,,,
,劇場,,TNnT7SsHmCQ,それいけ！アンパンマン おもちゃの星のナンダとルンダ,,ソレイケアンパンマン オモチャノホシノナンダトルンダ,2016,7,2,,,,,,,,,
,TV,,225L5UjcFvx,ラブライブ!サンシャイン!!,,ラブライブサンシャイン,2016,7,2,2016,9,24,,,,,,
,TV,,HSGmqxFRbTE,食戟のソーマ 弐ノ皿,,ショクサイノソーマニノサラ,2016,7,2,2016,9,24,,,,,,
,TV,,QYMrFd9W86p,初恋モンスター,,ハツコイモンスター,2016,7,2,2016,9,17,,,,,,
,TV,,D9LCqdspEXQ,Rewrite,,リライト,2016,7,2,2016,9,24,,,,,,
,TV,,faaTrrGfKx2,ReLIFE,,リライフ,2016,7,2,2016,9,24,,,,,,
,TV,,2qHNKcLyfrE,テイルズ オブ ゼスティリア ザ クロス,,テイルズオブゼスティリア ザ クロス,2016,7,3,2016,9,25,,,,,,
,TV,,ssBi7GRkzJW,B-PROJECT～鼓動＊アンビシャス～,,ビープロジェクトコドウアンビシャス,2016,7,3,2016,9,25,,,,,,
,TV,,wTaqMgBKMNS,アルスラーン戦記 風塵乱舞,,アルスラーンセンキフウジンランブ,2016,7,3,2016,8,21,,,,,,
,TV,,XzTMWGesHxT,ちょびっとづかん,,チョビットヅカン,2016,7,3,,,,,,,,,
,TV,,gbqqYMnfLTT,おなら吾郎,,オナラゴロウ,2016,7,3,2016,9,25,,,,,,
,TV,,YpsQyinMN7D,DAYS,,デイズ,2016,7,3,2016,12,18,,,,,,
,TV,,3FBVEgBL7hH,トランスフォーマーアドベンチャー -マイクロンの章-,,トランスフォーマーアドベンチャーマイクロンノショウ,2016,7,3,2016,10,2,,,,,,
,TV,,8LGPdy8fXKi,パズドラクロス,,パズドラクロス,2016,7,4,,,,,,,,,
,TV,,tHszyCDoqtE,斉木楠雄のΨ難,,サイキクスオノサイナン,2016,7,4,2016,12,26,,,,,,
,TV,,ti2J5EdvN5r,NEW GAME!,,ニューゲーム,2016,7,4,2016,9,19,,,,,,
,TV,,eWu7gEatx8j,ばなにゃ,,パナニャ,2016,7,4,2016,9,26,,,,,,
,TV,,7v6c2kVcgD4,orange,,オレンジ,2016,7,4,2016,9,26,,,,,,
,TV,,aywMEapW5gr,SHOW BY ROCK!! しょ～と!!,,ショウバイロックショート,2016,7,5,2016,9,20,,,,,,
,TV,,c2NuUBhuHay,SERVAMP -サーヴァンプ-,,サーヴァンプ,2016,7,5,2016,9,20,,,,,,
,TV,,PqUU543VRso,D.Gray-man HALLOW,,ディーグレイドマンハロウ,2016,7,5,2016,9,27,,,,,,
,TV,,NgidLsLXWSv,タブー・タトゥー,,タブータトゥー,2016,7,5,2016,9,20,,,,,,
,TV,,vWhrcBXgQMs,腐男子高校生活,,フダンシコウコウセイカツ,2016,7,5,2016,9,20,,,,,,
,TV,,2xtcqwTqDS9,チア男子!!,,チアダンシ,2016,7,5,2016,9,27,,,,,,
,TV,,qh8YQhWz8qM,甘々と稲妻,,アマアマトイナズマ,2016,7,5,2016,9,20,,,,,,
,TV,,X5ZC26ZFeFC,Fate/kaleid liner プリズマ☆イリヤ ドライ!!,,フェイトカレイドライナープリズマイリヤドライ,2016,7,6,2016,9,21,,,,,,
,TV,,xfpRWWSCLdd,スカーレッドライダーゼクス,,スカーレッドライダーゼクス,2016,7,6,2016,9,21,,,,,,
,TV,,Jv3MdvDM3HX,ツキウタ。 THE ANIMATION,,ツキウタ,2016,7,6,2016,9,28,,,,,,
,TV,,oWxU9w4DbLj,魔装学園H×H,,マソウガクエンハイブリットハート,2016,7,6,2016,9,21,,,,,,
,TV,,6ZhgWsNskAd,レガリア The Three Sacred Stars,,レガリアザスリーシークレットスターズ,2016,7,7,2016,7,28,,,,,,
,TV,,BSvv7vnLRqz,魔法少女?なりあ☆がーるず,,マホウショウジョナリアガールズ,2016,7,7,2016,9,22,,,,,,
,TV,,kWRiF53aS2x,OZMAFIA!!,,オズマフィア,2016,7,7,2016,9,22,,,,,,
,TV,,PreJExKU9VC,美男高校地球防衛部LOVE!LOVE!,,ビナンコウコウチキュウボウエイブラブ,2016,7,8,2016,9,23,,,,,,
,TV,,URtz33Qnyt4,この美術部には問題がある!,,コノビジュツブニハモンダイガアル,2016,7,8,2016,9,23,,,,,,
,TV,,eFrn8UAtesL,あまんちゅ!,,アマンチュ,2016,7,8,2016,9,23,,,,,,
,TV,,bjRKKBEFwWJ,はんだくん,,ハンダクン,2016,7,8,2016,9,23,,,,,,
,TV,,2C94MzEBiiy,タイムトラベル少女～マリ・ワカと8人の科学者たち～,,タイムトラベルショウジョマリワカトハチニンノカガクシャタチ,2016,7,9,2016,9,24,,,,,,
,TV,,DyN2xb3NDfG,ねじ巻き精霊戦記 天鏡のアルデラミン,,ネジマキセイレイセンキテンキョウノアルデラミン,2016,7,9,2016,10,1,,,,,,
,劇場,,apUrMmjZTwX,KINGSGLAIVE FINAL FANTASY XV,,キングスレイブファイナルファンタジーフィフティーン,2016,7,9,,,,,,,,,
,TV,,o8WVtqiMx3v,一人之下 the outcast,,ヒトリノシタザアウトキャスト,2016,7,9,2016,9,24,,,,,,
,劇場,,eiYAayDPWFw,風のように,,カゼノヨウニ,2016,7,9,,,,,,,,,
,TV,,bZfoua4pBzB,91Days,,ナインティワンデイズ,2016,7,9,2016,10,1,,,,,,
,TV,,GzB2BidjcSp,アンジュ・ヴィエルジュ,,アンジュビエルジュ,2016,7,10,2016,9,25,,,,,,
,TV,,fis7h6ELdaH,クオリディア・コード,,クオリディアコード,2016,7,10,2016,9,25,,,,,,
,TV,,c8zRvr5BNJL,ダンガンロンパ3 -The End of 希望ヶ峰学園- 未来編,,ダンガンロンパスリーザエンドオブキボウガミネガクエンミライヘン,2016,7,11,2016,9,26,,,,,,
,TV,,YXXhPRhHkXR,アクティヴレイド -機動強襲室第八係- 2nd,,アクティヴレイドキドウキョウキュウダイハチガカリセカンド,2016,7,11,2016,9,26,,,,,,
,TV,,8LFp6ibcwJi,モブサイコ100,,モブサイコヒャク,2016,7,12,2016,9,27,,,,,,
,TV,,vxmASZqx98z,ダンガンロンパ3 -The End of 希望ヶ峰学園- 絶望編,,ダンガンロンパスリーザエンドオブキボウガミネガクエンゼツボウヘン,2016,7,14,2016,9,22,,,,,,
,TV,,Wgcw2VkXbfy,バッテリー,,バッテリー,2016,7,15,2016,9,23,,,,,,
,劇場,,q3xcDZWzHJV,ポケモン・ザ・ムービー XY&Z ボルケニオンと機巧のマギアナ,,ポケモンザムービーエックスワイアンドゼットボルケニオントキコウノマギアナ,2016,7,16,,,,,,,,,
,劇場,,iiEQNAz2pK9,ファインディング・ドリー,,ファインディングドリー,2016,7,16,,,,,,,,,
,劇場,,gVeG2eEPwqU,アクセル・ワールド INFINITE∞BURST,,アクセルワールドインフィニットバースト,2016,7,23,,,,,,,,,
,劇場,,E2Y7Nwxm7mk,ONE PIECE FILM GOLD,,ワンピースフィルムゴールド,2016,7,23,,,,,,,,,
,TV,,VpLVrpjPo9h,ムズムズ18,第2期,ムズムズエイティーン,2016,8,2,2016,8,6,,,,,,
,TV,,thLxsoy4yZm,LIFE!～人生に捧げるコント～,,ライフジンセイニササゲルコント,2016,8,4,,,,,,,,,
,劇場,,63rZLjyXCah,ルドルフとイッパイアッテナ,,ルドルフトイッパイアッテナ,2016,8,6,,,,,,,,,
,劇場,,kw7q6B4qVdU,ねむれ思い子 空のしとねに,,ネムレオモイコソラノシトネニ,2016,8,6,,,,,,,,,
,劇場,,tBhHRSKioE3,ラチェット＆クランク THE MOVIE,,ラチェットアンドクランクザムービー,2016,8,9,,,,,,,,,
,劇場,,5uTWjURBGZe,ミニオンズ：アルバイト大作戦,,ミニオンズ アルバイトダイサクセン,2016,8,11,,,,,,,,,
,TV,,JbvFnxctGEG,アルプスの少女ハイジ?ちゃらおんじ,,アルプスノショウジョハイジチャラオンジ,2016,8,11,,,,,,,,,
,劇場,,SPNiDnvvwpT,ペット,,ペット,2016,8,11,,,,,,,,,
,劇場,,n2nWRj9oaZC,アイカツ！ ねらわれた魔法のアイカツ！カード,,アイカツネラワレタマホウノアイカツカード,2016,8,13,,,,,,,,,
,劇場,,B7ayhZFnRLD,劇場版アイカツスターズ！,,ゲキジョウバンアイカツスターズ,2016,8,13,,,,,,,,,
,劇場,,eKRhiPwxUyC,傷物語Ⅱ 熱血篇,,キズモノガタリツーネッケツヘン,2016,8,19,,,,,,,,,
,劇場,,LPekahHmzPb,ソング・オブ・ザ・シー 海のうた,,ソングオブザシーウミノウタ,2016,8,20,,,,,,,,,
,TVスペシャル,,2cZoeuSnQMX,ガンダムビルドファイターズトライ アイランド・ウォーズ,,ガンダムビルドファイターズトライアイランドウォーズ,2016,8,21,2016,8,21,,,,,,
,TV,,WZUBs7YrokF,ミカンせいじん現わる,,ミカンセイジンアラワル,2016,8,25,,,,,,,,,
,劇場,,JxGvhLF5MNy,君の名は。,,キミノナハ,2016,8,26,,,,,,,,,
,TV,,PCF9Uz9Reka,七つの大罪 聖戦の予兆,,ナナツノタイザイセイセンノヨチョウ,2016,8,28,2016,9,18,,,,,,
,TV,,HyCpnpb2UpN,やさ村やさしのやさしい世界,,ヤサムラヤサシノヤサシイセカイ,2016,9,2,,,,,,,,,
,TVスペシャル,,P5HkeDGDb7A,PERSONA5 the Animation -THE DAY BREAKERS-,,ペルソナファイブジアニメーションザデイブレイカーズ,2016,9,3,2016,9,3,,,,,,
,TVスペシャル,,uPnVGpyruGg,こちら葛飾区亀有公園前派出所「THE FINAL 両津勘吉 最後の日」,,コチラカツシカクカメアリコウエンマエハシュツジョザファイナルリョウツカンキチサイゴノヒ,2016,9,18,2016,9,18,,,,,,
,TV,,bvNy7qSumbf,ヘボット!,,ヘボット,2016,9,18,,,,,,,,,
,劇場,,ir5xTazwwmd,亜人 最終章 -衝戟-,,アジン サイシュウショウ ショウゲキ,2016,9,23,,,,,,,,http://www.ajin.net/,
,TV,,9mtvgbmYXyz,にゃんぼー!,,ニャンボー,2016,9,27,2017,3,28,,,,,,
,TVスペシャル,,86JFCczBD8b,ダンガンロンパ3 -The End of 希望ヶ峰学園- 希望編,,ダンガンロンパスリージエンドオブキボウガミネガクエンキボウヘン,2016,9,29,2016,9,29,,,,,,
,TV,,yAF2yE4SiRr,タマ&フレンズ ～うちのタマ知りませんか？～,,タマアンドフレンズウチノタマシリマセンカ,2016,10,1,,,,,,,,,
,TV,,kzWtV3fXHLA,デジモンユニバース アプリモンスターズ,,デジモンユニバースアプリモンスターズ,2016,10,1,,,,,,,,,
,TV,,9PhZzirhg33,ブブキ・ブランキ 星の巨人,,ブブキブランキホシノキョジン,2016,10,1,2016,12,17,,,,,,
,TV,,MPesDBv9gfn,猫のダヤン ふしぎ劇場,,ネコノダヤンフシギゲキジョウ,2016,10,1,,,,,,,,,
,TV,,66r4LspCryk,タイムボカン24,,タイムボカントゥウェンティフォー,2016,10,1,2017,3,18,,,,,,
,TV,,pN3QRrhN8fL,終末のイゼッタ,,シュウマツノイゼッタ,2016,10,1,2016,12,17,,,,,,
,TV,,nVn45itquB7,WWW.WORKING!!,,ワーキング,2016,10,1,2016,12,24,,,,,,
,TV,,xdRSWdkaF73,Bloodivores,,ブラッディヴォーレス,2016,10,1,2016,12,17,,,,,,
,TV,,Dc8prREeTGM,うたの☆プリンスさまっ♪マジLOVEレジェンドスター,,ウタノプリンスサマッマジラブレジェンドスター,2016,10,2,2016,12,25,,,,,,
,TV,,Tfbf9iLFE4h,機動戦士ガンダム 鉄血のオルフェンズ,第2期,キドウセンシガンダムテッケツノオルフェンズ,2016,10,2,2017,4,2,,,,,,
,TV,,YRevdKKKVzW,モンスターハンター ストーリーズ RIDE ON,,モンスターハンターストーリーズライドオン,2016,10,2,,,,,,,,,
,TV,,WsydRN7skLZ,カードファイト!! ヴァンガードG NEXT,,カードファイトバンガードジーネクスト,2016,10,2,,,,,,,,,
,TV,,4hehsw2xHSy,こねこのチー ポンポンらー大冒険,,コネコノチーポンポンラーダイボウケン,2016,10,2,,,,,,,,,
,TV,,AMFUxR2NAsi,マジきゅんっ!ルネッサンス,,マジキュンルネッサンス,2016,10,2,2016,12,25,,,,,,
,TV,,Q6TXenkeLHu,おくさまが生徒会長!+!,,オクサマガセイトカイチョウプラス,2016,10,2,2016,12,18,,,,,,
,TV,,rfc9JZtkaZn,雨色ココア in Hawaii,,アメイロココアインハワイ,2016,10,2,2016,12,18,,,,,,
,TV,,CgCReQxxP2A,魔法少女育成計画,,マホウショウジョイクセイケイカク,2016,10,2,2016,12,18,,,,,,
,TV,,3Cx4XXVuLxo,SHOW BY ROCK!!#,,ショウバイロックシャープ,2016,10,2,2016,12,18,,,,,,
,TV,,wv9KoP2tAZ8,タイガーマスクW,,タイガーマスクダブル,2016,10,2,,,,,,,,,
,TV,,7a87pGgWimQ,ペペペペン議員,,ペペペペンギイン,2016,10,2,2016,12,25,,,,,,
,TV,,iCm4DFWTshp,ViVid Strike!,,ビビッドストライク,2016,10,2,2016,12,18,,,,,,
,TV,,aBscB5PxtqX,12歳。～ちっちゃなムネのトキメキ～,第2期,ジュウニサイチッチャナムネノトキメキ,2016,10,3,2016,12,19,,,,,,
,TV,,oPPzLWVxwDj,聖闘士星矢 黄金魂 -soul of gold-,,セイントセイヤソウルオブゴールド,2016,10,4,2016,12,27,,,,,,
,TV,,bpe7dKHbN2f,あおおに～じ・あにめぇしょん～,,アオオニジアニメェション,2016,10,3,2017,1,9,,,,,,
,TV,,xiLFRhLZpZT,3ねんDぐみガラスの仮面,,サンネンディーグミガラスノカメン,2016,10,3,2016,12,26,,,,,,
,TV,,uggPuRrK98c,怪盗ジョーカー,第4期,カイトウジョーカー,2016,10,3,2016,12,26,,,,,,
,TV,,NRouVk5xXKT,アイドルメモリーズ,,アイドルメモリーズ,2016,10,3,2016,12,19,,,,,,
,TV,,zzdBqXsqCv4,刀剣乱舞－花丸－,,トウケンランブハナマル,2016,10,3,2016,12,19,,,,,,
,TV,,MUekadBrnok,ステラのまほう,,ステラノマホウ,2016,10,3,2016,12,19,,,,,,
,TV,,5TTqEtDnft7,TRICKSTER -江戸川乱歩「少年探偵団」より-,,トリックスターエドガワランポショウネンタンテイダンヨリ,2016,10,4,2017,3,28,,,,,,
,TV,,UvmT3eJwNqg,侍霊演武：将星乱,,ソウルバスターショウセイラン,2016,10,4,2016,12,11,,,,,,
,TV,,m7CzkAsePtK,学園ハンサム,,ガクエンハンサム,2016,10,4,2016,12,20,,,,,,
,TV,,GbrGdaVHGUy,灼熱の卓球娘,,シャクネツノタッキュウムスメ,2016,10,4,2016,12,20,,,,,,
,TV,,tte4sgUUgXh,信長の忍び,,ノブナガノシノビ,2016,10,4,2017,3,28,,,,,,
,TV,,rEHsH2wCfjf,魔法少女なんてもういいですから。 セカンドシーズン,,マホウショウジョナンテモウイイデスカラセカンドシーズン,2016,10,5,2016,12,21,,,,,,
,TV,,MUN8hju8ebu,美少女遊戯ユニット クレーンゲールギャラクシー,,ビショウジョユウギユニットクレーンゲールギャラクシー,2016,10,5,2016,12,21,,,,,,
,TV,,iNiMApPbgvp,あにトレ!XX -ひとつ屋根の下で-,,アニトレペケペケヒトツヤネノシタデ,2016,10,5,2016,12,21,,,,,,
,TV,,Sgutypnk6z5,奇異太郎少年の妖怪絵日記,,キイタロウショウネンノヨウカイエニッキ,2016,10,5,2016,12,21,,,,,,
,TV,,aaC95vNaRsc,てーきゅう,第8期,テーキュウ,2016,10,5,2016,12,21,,,,,,
,TV,,DmvE8QVpuEL,CHEATING CRAFT,,チーティングクラフト,2016,10,5,2016,12,21,,,,,,
,TV,,ZUhEm8cXXUT,装神少女まとい,,ソウシンショウジョマトイ,2016,10,4,2016,12,20,,,,,,タイトルが6話のみ『装神少女ゆまちん』
,TV,,Dv5NFUP3rA5,夏目友人帳 伍,,ナツメユウジンチョウゴ,2016,10,5,2016,12,21,,,,,,
,TV,,nUtJSA9cMKA,TO BE HERO,,トゥビーヒーロー,2016,10,5,2016,12,21,,,,,,
,TV,,k6Y4fnr8PBf,ナゾトキネ,,ナゾトキネ,2016,10,5,2016,12,21,,,,,,
,TV,,HnCeYx4hScP,ナンバカ,,ナンバカ,2016,10,5,2016,12,28,,,,,,
,TV,,chqq2ppn7j3,文豪ストレイドッグス,第2期,ブンゴウストレイドッグス,2016,10,6,2016,12,16,,,,,,
,TV,,4HW4FYdvWtQ,響け!ユーフォニアム2,,ヒビケユーフォニアムツー,2016,10,6,2016,12,29,,,,,,
,TV,,bkUXETc9kzQ,フリップフラッパーズ,,フリップフラッパーズ,2016,10,6,2016,12,29,,,,,,
,TV,,rVxbiYEk7kh,ブレイブウィッチーズ,,ブレイブウィッチーズ,2016,10,6,2016,12,29,,,,,,
,TV,,dsLrAA7PErN,ユーリ!!! on ICE,,ユーリオンアイス,2016,10,6,2016,12,22,,,,,,
,TV,,XBdf3NdNgpK,競女!!!!!!!!,,ケイジョ,2016,10,6,2016,12,22,,,,,,
,TV,,hzZttUBN9jd,ガーリッシュナンバー,,ガーリッシュナンバー,2016,10,7,2016,12,18,,,,,,
,TV,,oCnEtZzRhAN,私がモテてどうすんだ,,ワタシガモテテドウスンダ,2016,10,7,2016,12,23,,,,,,
,TV,,kr3JNEYqSb4,バーナード嬢曰く。,,バーナードジョウイワク,2016,10,7,2016,12,23,,,,,,
,TV,,VcSDu7BXy8o,ドリフターズ,,ドリフターズ,2016,10,7,2016,12,23,,,,,,
,TV,,DCeEjaAoaiR,ドリフェス！,,ドリフェス,2016,10,7,2016,12,16,,,,,,
,TV,,pdKffKscWyB,ALL OUT!!,,オールアウト,2016,10,7,2017,3,31,,,,,,
,TV,,NbbQzVGLCLK,Occultic;Nine -オカルティック・ナイン-,,オカルティックナイン,2016,10,9,2016,12,25,,,,,,
,TV,,bgKc7XHQEej,ハイキュー!! 烏野高校VS白烏沢学園高校,,ハイキューカラスノコウコウバーサスシラトリザワガクエンコウコウ,2016,10,8,2016,12,10,,,,,,
,TV,,i5EtHFmvSZ6,Lostorage incited WIXOSS,,ロストレージインサイテッドウィクロス,2016,10,8,2016,12,24,,,,,,
,TV,,iMFtZumFwuH,ろんぐらいだぁす！,,ロングライダァス,2016,10,8,2017,2,5,,,,,,
,TV,,Sbx75rt3vWk,クラシカロイド,,クラシカロイド,2016,10,8,2017,4,1,,,,,,
,TV,,HMer9nShGvw,3月のライオン,,サンガツノライオン,2016,10,8,2017,3,18,,,,,,
,TV,,MzVTCogA9xj,亜人,第2期,アジン,2016,10,8,2016,12,24,,,,,http://www.ajin.net/,
,TV,,oUkYwPAgEGx,うどんの国の金色毛鞠,,ウドンノクニノキンイロケマリ,2016,10,9,2016,12,25,,,,,,
,TV,,cnspUHRiNua,戦国鳥獣戯画～甲～,,センゴクチョウジュウギガコウ,2016,10,9,2017,1,8,,,,,,
,TV,,fNBXR2a8yG9,はがねオーケストラ,,ハガネオーケストラ,2016,10,10,2016,12,26,,,,,,
,TV,,SapQxEF7TLY,どちゃもん じゅにあ,第2期,ドチャモンジュニア,2016,10,10,2017,2,27,,,,,,
,Web,,YE34sMdiwcb,月曜日のたわわ,,ゲツヨウビノタワワ,2016,10,10,2016,12,26,"YouTube, ニコニコチャンネル",比村奇石,,,,
,TV,,jTnxHtAqXgw,ムズムズ18,第3期,ムズムズエイティーン,2016,10,11,,,,,,,,,
,TV,,RvDBh2WjsNR,舟を編む,,フネヲアム,2016,10,14,2016,12,23,,,,,,
,劇場,,kUo2pH3C4kt,この世界の片隅に,,コノセカイノカタスミニ,2016,11,12,,,,東京テアトル,こうの史代,この世界の片隅に,,http://konosekai.jp/,
,TV,,Zan9yUaiFch,トランスフォーマーアドベンチャー -マイクロンの章- 新たなる敵,,トランスフォーマーアドベンチャーマイクロンノショウアラタナルテキ,2016,11,13,2016,12,18,,,,,,
,TVスペシャル,,Mga4PgqtcMb,ONE PIECE エピソードオブサボ ～3兄弟の絆 奇跡の再会と受け継がれる意志～,,ワンピースエピソードオブサボサンキョウダイノキズナキセキノサイカイトウケツガレルイシ,,,,,,,,,,,,
ANS005025400,OVA,,8uyduA6NsLv,幕末band新選組土方歳三編・沖田総司編アニメイト特典DVD.,,バクマツ バンド シンセングミ ヒジカタ トシゾウヘン オキタ ソウジヘン アニメイト トクテン ディーブイディー,,,,,,,Frontier Works,-,,http://mediaarts-db.jp/an/anime_series/17652,,
ANS005025500,OVA,,mictVStiqHr,野々村病院の人々&河原崎家の一族DVD perfect collection,,ノノムラ ビョウイン ノ ヒトビト アンド カワラザキケ ノ イチゾク ディーブイディー パーフェクトコレクション,,,,,,,ピンクパイナップル,-,,http://mediaarts-db.jp/an/anime_series/17653,,
,TV,,WP4gRnjuhtZ,忍者ハットリくん,インド版・2期後半,ニンジャハットリクン,,,,,,,,,,,,
ANS008037600,TV,,o7dUmbgPVPY,ソウルイーター リピートショー,,ソウルイーター リピートショー,,,,,,,-,-,,http://mediaarts-db.jp/an/anime_series/18111,,OP・EDのみ新規
ANS002026300,不明,,uWYie64oyCs,漫画のマン吉（亀さんの報恩）,,マンガノマンキチカメサンノホウオン,,,,,,,-,-,,http://mediaarts-db.jp/an/anime_series/16797,,
ANS002024200,不明,ダブり,hzvA52TZfmg,大当たり空の円タク,ダブり,オオアタリソラノエンタク,,,,,,,-,-,,http://mediaarts-db.jp/an/anime_series/16754,,
ANS008039200,TV,,jeZKtvARQYQ,日本おもしろ昔話,,ニホンオモシロムカシバナシ,,,,2012,1,29,-,-,,http://mediaarts-db.jp/an/anime_series/18127,,
ANS002026000,不明,,j2mzQikQfaN,踊る清海坊・真冬の夜の夢,,オドルセイカイボウマフユノヨノユメ,,,,,,,-,-,,http://mediaarts-db.jp/an/anime_series/16791,,
,TV,,umFd7XEZBbf,ULTRA SUPER ANIME TIME,,ウルトラスーパーアニメタイム,,,,,,,,,,,,
ANS002026700,不明,,GWgVR7qE5pz,正ちゃんクマ坊珍戦記,,ショウチャンクマボウチンセンキ,,,,,,,-,-,,http://mediaarts-db.jp/an/anime_series/16805,,
ANS008038400,TV,,YM6qasHrZDP,Peeping Life,第4期,ピーピングライフ,,,,,,,-,-,,http://mediaarts-db.jp/an/anime_series/18119,,
,TV,,4f8pVD3bsJH,カード・バトルZERO,,カードバトル ゼロ,,,,,,,,,,,,
ANS002026200,不明,,TpxagqrXq5J,雀のお宿（舌切雀）,,スズメノオヤドシタキリスズメ,,,,,,,-,-,,http://mediaarts-db.jp/an/anime_series/16795,,
ANS002026500,不明,,sTTcGyMtVZS,チュウ助の報恩,,チュウスケノホウオン,,,,,,,-,-,,http://mediaarts-db.jp/an/anime_series/16801,,
,TV,,kpeC5zuPSuU,アニサン劇場,,アニサンゲキジョウ,,,,,,,,,,,,
ANS002017600,不明,,BWtSBzK8GhJ,黒坊の奇術師,,クロボウノキジュツシ,,,,,,,-,-,,http://mediaarts-db.jp/an/anime_series/16628,,
ANS002026600,不明,,PuHboJJgw29,小兎の魚釣り,,コウサギノサカナツリ,,,,,,,-,-,,http://mediaarts-db.jp/an/anime_series/16803,,
ANS002026100,劇場,,yBykUhp9Gae,天晴れガル助,,アッパレガルスケ,,,,,,,モリモト映画社,-,,http://mediaarts-db.jp/an/anime_series/16793,,
ANS002025800,不明,,Ktwa2QsxssT,お百姓の宝,,オヒャクショウノタカラ,,,,,,,-,-,,http://mediaarts-db.jp/an/anime_series/16787,,
ANS002008600,劇場,,8GESeT87ZFD,海の小勇士,,ウミノショウユウシ,,,,,,,朝日ニュース,-,,http://mediaarts-db.jp/an/anime_series/16456,,
ANS002029300,不明,,bQcDZi995zL,仲よく働け,,ナカヨクハタラケ,,,,,,,-,-,,http://mediaarts-db.jp/an/anime_series/16855,,
ANS005025300,OVA,,BoWvTiLKbtx,ドレイプ,,ドレイプ,,,,,,,つじもが町に殺ってきた,-,,http://mediaarts-db.jp/an/anime_series/17651,,
ANS002019600,不明,,LW3wSDPYjKH,海底百万,,カイテイヒャクマン,,,,,,,-,-,,http://mediaarts-db.jp/an/anime_series/16666,,
ANS002017500,不明,,ua9QZ7YngGV,働き者,,ハタラキモノ,,,,,,,-,-,,http://mediaarts-db.jp/an/anime_series/16626,,
,TV,,qKacNV55jBQ,うらら迷路帖,,ウララメイロチョウ,2017,1,6,2017,3,24,,,,,http://www.tbs.co.jp/anime/urara/,
,TV,,ovMcMooD8jt,セイレン,,セイレン,2017,1,6,2017,3,24,,,,,http://www.tbs.co.jp/anime/seiren/,
,TV,,7TJK9Xrzrd4,クズの本懐,,クズノホンカイ,2017,1,13,2017,3,31,,,,,http://www.kuzunohonkai.com/,
,TV,,ix3opPxu4de,青の祓魔師 京都不浄王篇,,アオノエクソシストキョウトフジョウオウヘン,2017,1,7,2017,3,25,,,,,http://www.ao-ex.com/,
,TV,,DHmAQ9GpfX9,昭和元禄落語心中～助六再び篇～,,ショウワゲンロクラクゴシンジュウ スケロクフタタビヘン,2017,1,7,2017,3,25,,,,,http://rakugo-shinju-anime.jp/,
,TV,,yi424rwcR3m,龍の歯医者,,リュウノハイシャ,2017,2,18,2017,2,25,,,,,http://www.nhk.or.jp/anime/ryu/,
,TV,,pBHiewTUSkN,AKIBA’S TRIP -THE ANIMATION-,,アキバズトリップ ジ アニメーション,2017,1,4,2017,3,29,,,,,http://akibastrip-anime.com/,
,TV,,apXjeLczUPm,アイドル事変,,アイドルジヘン,2017,1,8,2017,3,26,,,,,http://idoljihen.jp/anime/,
,TV,,pQkE6kzsPUs,超・少年探偵団NEO,,チョウショウネンタンテイダンネオ,2017,1,2,2017,3,27,,,,,http://shonentanteidan-neo.com/anime/,
,TV,,CiLNVjNcgxR,亜人ちゃんは語りたい,,デミチャンハカタリタイ,2017,1,8,2017,3,26,,,,,http://demichan.com/,
,TV,,yG7RVQxhfuK,政宗くんのリベンジ,,マサムネクンノリベンジ,2017,1,5,2017,3,23,,,,,http://masamune-tv.com/,
,TV,,hN5kTmSmNbr,Rewrite (2ndシーズンMoon編/Terra編),,リライトセカンドシーズン,2017,1,14,2017,3,25,,,,,http://www.rewrite-anime.tv/,
,TV,,MYJeWbTd7nL,ACCA13区監察課,,アッカジュウサンクカンサツカ,2017,1,10,2017,3,28,,,,,http://acca-anime.com/,
,TV,,BvCMP2PRP84,ハンドシェイカー,,ハンドシェイカー,2017,1,11,2017,3,29,,,,,http://project-hs.net/,
,TV,,9AWPuqs28dU,CHAOS;CHILD,,カオスチャイルド,2017,1,12,2017,3,29,,,,,http://chaoschildanime.com/,
,TV,,PWXeTjMHk8c,この素晴らしい世界に祝福を！2,,コノスバラシイセカイニシュクフクヲツー,2017,1,12,2017,3,16,,,,,http://konosuba.com/,
,TV,,JcF8w9u9Evj,BanG Dream!（バンドリ）,,バンドリ,2017,1,21,2017,4,22,,,,,http://bang-dream.com/,
,TV,,RNkCM8jytDm,Spiritpact,,スプリットパクト,2017,1,7,2017,3,11,,,,,http://spiritpact.com/,
,TV,,eGcFNTKMVgU,SUPER LOVERS 2,,スーパーラヴァーズツー,2017,1,12,2017,3,16,,,,,http://superlovers-anime.com/,
,TV,,j5BDFNvWz87,ちるらん にぶんの壱,,チルラン ニブンノイチ,2017,1,10,2017,3,28,,,,,http://www.chiruran.jp/,
,TV,,GHGHiBUndtM,MARGINAL#4 KISSから創造るBig Bang,,マージナルナンバーフォー キスカラツクルビッグバン,2017,1,12,2017,3,30,,,,,http://marginal4-anime.com/,
,TV,,h7Zw6bdzvs4,エルドライブ【ēlDLIVE】,,エルドライブ,2017,1,10,2017,3,26,,,,,http://eldlive.tv/,
,TV,,epVwXgA4kwA,南鎌倉高校女子自転車部,,ミナミカマクラコウコウジョシジテンシャブ,2017,1,7,2017,3,25,,,,,http://minakama-anime.jp/,
,TV,,R8unrEGuDrW,ピアシェ～私のイタリアン～,,ピアシェ ワタシノイタリアン,2017,1,11,2017,3,29,,,,,http://piace-anime.com/,
,TV,,okRYLVBdjSa,リトルウィッチアカデミア,,リトルウィッチアカデミア,2017,1,9,2017,6,26,,,,,http://tv.littlewitchacademia.jp/,
,TV,,FdANcuHmojL,ガヴリールドロップアウト,,ガヴリールドロップアウト,2017,1,9,2017,3,27,,,,,http://gabdro.com/,
,TV,,dwGdaQQKC59,スクールガールストライカーズ Animation Channel,,スクールガールストライカーズ アニメーションチャンネル,2017,1,7,2017,4,1,,,,,http://sgs-anime.com/,
,TV,,ZM7iBwasQXa,霊剣山 叡智への資格,,レイケンザン エイチヘノシカク,2017,1,8,2017,3,26,,,,,http://reikenzan.net/,
,TV,,g5gn6GwJnsS,にゃんこデイズ,,ニャンコデイズ,2017,1,8,2017,3,26,,,,,http://nyanko-days.com/,
,TV,,z45ZJqTVprq,けものフレンズ,,ケモノフレンズ,2017,1,11,2017,3,29,,,,,http://kemono-friends.jp/,
,TV,,3SbuEayvNpE,弱虫ペダル NEW GENERATION,,ヨワムシペダル ニュージェネレーション,2017,1,10,2017,6,27,,,,,http://yowapeda.com/,
,TV,,krap9nEtM7q,チェインクロニクル ～ヘクセイタスの閃～,,チェインクロニクル ヘクセイタスノヒカリ,2017,1,8,2017,3,26,,,,,http://chronicle-anime.com/,
,TV,,5fWy8GAVtLp,鬼平,,オニヘイ,2017,1,10,2017,4,4,,,,,http://onihei-anime.com/,
,TV,,p9gu3RV6nKX,小林さんちのメイドラゴン,,コバヤシサンチノメイドラゴン,2017,1,12,2017,3,6,,,,,http://maidragon.jp/,
,TV,,pXcxNjoTLER,戦国鳥獣戯画～乙～,,センゴクチョウジュウギガ オツ,2017,1,15,2017,4,9,,,,,http://www.kbc.co.jp/scg/,
,TV,,YuzokqbhinU,あいまいみー～Surgical Friends～,,アイマイミー サージカルフレンズ,2017,1,3,2017,3,21,,,,,http://www.dreamcreation.co.jp/aimaimi3/,
,TV,,je7vbjgbgP5,風夏,,フウカ,2017,1,6,2017,3,24,,,,,http://fuuka.tv/,
,Web,,upmYEi2a4Em,ナンバカ (第2期),,ナンバカ,2017,1,4,2017,3,25,,,,,https://nanbaka.tv/,
,TV,,6xjZdtAvBNR,幼女戦記,,ヨウジョセンキ,2017,1,6,2017,3,31,,,,,http://youjo-senki.jp/,
,TV,,THDXqGLbuee,テイルズ オブ ゼスティリア ザ クロス (第2期),,テイルズ オブ ゼスティリア ザ クロス,2017,1,8,2017,4,29,,,,,http://toz-thex-anime.tales-ch.jp/,
,TV,,eo2umKoQnuF,銀魂. (第4期),,ギンタマ,2017,1,9,2017,3,27,,,,,http://www.tv-tokyo.co.jp/anime/gintama/index2.html,
,TV,,CYBr33prqLk,闇芝居,第4期,ヤミシバイ,2017,1,15,2017,3,27,,,,,http://www.tv-tokyo.co.jp/anime/yamishibai/,
,TV,,wwc396qQNX5,One Room,,ワンルーム,2017,1,11,2017,3,29,,,,,http://oneroom-anime.com/,
,TV,,i5zSZi3Wcaz,キラキラ☆プリキュアアラモード,,キラキラプリキュアアラモード,2017,2,5,2018,1,28,,,,,http://www.toei-anim.co.jp/tv/precure_alamode/,
,TV,,QHor99fnpwg,フューチャーカード バディファイトX,,フューチャーカードバディファイトバッツ,2017,4,1,2018,3,31,,,,,,
,TV,,njkfTfgXonc,進撃の巨人 Season 2,,シンゲキノキョジンシーズンツー,2017,4,1,2017,6,17,,,,,http://shingeki.tv/season2/,
,TV,,UHdYoKa6gBc,GRANBLUE FANTASY The Animation,,グランブルーファンタジージアニメーション,2017,4,2,2017,6,25,,,,,http://anime.granbluefantasy.jp/,
,TV,,BAMaifHr8r5,デュエル・マスターズ (2017),,デュエルマスターズ,2017,4,2,2018,3,25,,,,,http://www.shopro.co.jp/tv/duelmastersvsrf/,
,TV,,YBzKEi7nFpE,ふるさとめぐり 日本の昔ばなし,,フルサトメグリニホンノムカシバナシ,2017,4,2,2018,3,25,,,,,,
,TV,,zKRPFLu2jgZ,アリスと蔵六,,アリストゾウロク,2017,4,2,2017,6,25,,,,,http://www.alicetozouroku.com/,
,TV,,WDSWHAjF7QD,つぐもも,,ツグモモ,2017,4,2,2017,6,18,,,,,http://tsugumomo.com/,
,TV,,E8yVxji683t,僧侶と交わる色欲の夜に…,,ソウリョトマジワルシキヨクノヨルニ,2017,4,3,2017,6,19,,,,,http://soryo.w-anime.com/,
,TV,,TcCfcFQJTvQ,世界の闇図鑑,,セカイノヤミズカン,2017,4,3,2017,6,26,,,,,http://www.tv-tokyo.co.jp/anime/yamizukan/,
,TV,,eBnjojzA547,ベイブレードバーストゴッド,,ベイブレードバーストゴッド,2017,4,3,2018,3,26,,,,,http://www.tv-tokyo.co.jp/anime/beyblade/news/,
,TV,,WPhLgPWEXXS,アキンド星のリトル・ペソ,,アキンドセイノリトルペソ,2017,4,3,2017,6,19,,,,,https://peso.game.line.me/anime/,
,TV,,r8N5MDSjBG8,笑ゥせぇるすまん NEW,,ワラゥセェルスマン ニュー,2017,4,3,2017,6,19,,,,,http://warau-new.jp/,
,TV,,XV7hNMHNY4a,スタミュ,第2期,スタミュ,2017,4,4,2017,6,20,,,,,http://hstar-mu.com/,
,TV,,YH6HahTRRoy,フレームアームズ・ガール,,フレームアームズガール,2017,4,4,2017,6,20,,,,,http://fagirl.com/,
,TV,,h798wBkEfxQ,アイドルタイムプリパラ,,アイドルタイムプリパラ,2017,4,4,2018,3,27,,,,,http://www.tv-tokyo.co.jp/anime/ipp/,
,TV,,hXuvri4jCdD,少年アシベ GO! GO! ゴマちゃん,第2シリーズ,ショウネンアシベゴーゴーゴマチャン,2017,4,4,2018,2,13,,,,,http://gogo-gomachan.com/,
,TV,,Y4kNh9wdZ6y,ロクでなし魔術講師と禁忌教典,,ロクデナシマジュツコウシトアカシックレコード,2017,4,4,2017,6,20,,,,,http://rokuaka.jp/,
,TV,,diCEHkrUfK3,アイドルマスター シンデレラガールズ劇場,,アイドルマスターシンデレラガールズゲキジョウ,2017,4,4,2017,6,27,,,,,http://cingeki-anime.com/,
,TV,,h9YnwjhsnSN,王室教師ハイネ,,オウシツキョウシハイネ,2017,4,5,2017,6,21,,,,,http://heine-royal.com/,
,TV,,nAuhTggA4MZ,BORUTO-ボルト- NARUTO NEXT GENERATIONS,,ボルト ナルトネクストジェネレーションズ,2017,4,5,,,,,,,,http://www.tv-tokyo.co.jp/anime/boruto/,
,TV,,zrQijfHfUCj,ねこねこ日本史,第2期,ネコネコニホンシ,2017,4,5,2018,2,28,,,,,http://neco-neco.jp/,
,TV,,XicNvM7FFUq,まけるな!!あくのぐんだん！,,マケルナアクノグンダン,2017,4,5,2017,6,21,,,,,,
,TV,,kHSbwVwLXiP,ラブ米 -WE LOVE RICE-,,ラブコメ ウィーラブライス,2017,4,5,2017,6,21,,,,,http://love-kome.com/,
,TV,,oR9dBEJDDGd,武装少女マキャヴェリズム,,ブソウショウジョマキャヴェリズム,2017,4,5,2017,6,21,,,,,http://machiavellism-anime.jp/,
,TV,,LjtV9s4RPy8,サクラダリセット,,サクラダリセット,2017,4,5,2017,9,13,,,,,http://sagrada-anime.com/,
,TV,,JJ6pJijjX7h,サクラクエスト,,サクラクエスト,2017,4,6,2017,9,21,,,,,http://sakura-quest.com/,
,TV,,en7TWmpcWvF,月がきれい,,ツキガキレイ,2017,4,7,2017,6,30,,,,,http://tsukigakirei.jp/,
,TV,,xp8P2Vnzn6L,カブキブ！,,カブキブ,2017,4,7,2017,6,23,,,,,http://www.tbs.co.jp/anime/kabukibu/,
,TV,,jKTRV6wn3X4,クロックワーク・プラネット,,クロックワークプラネット,2017,4,7,2017,6,23,,,,,http://www.tbs.co.jp/anime/cp/,
,TV,,kAhAFEeXuzo,恋愛暴君,,レンアイボウクン,2017,4,7,2017,6,23,,,,,http://renaiboukun.com/,
,TV,,ptnkx3wU3Lf,リルリルフェアリル～魔法の鏡～,,リルリルフェアリルマホウノカガミ,2017,4,7,2018,3,30,,,,,http://fairilu.jp/,
,TV,,TULnowjKMmn,ひなこのーと,,ヒナコノート,2017,4,7,2017,6,23,,,,,http://hinakonote.jp/,
,TV,,GZnnygTiE73,兄に付ける薬はない！-快把我哥帯走-,,アニニツケルクスリハナイ,2017,4,7,2017,6,23,,,,,,
,TV,,zUzsQ7RJyiS,ツインエンジェルBREAK,,ツインエンジェルブレイク,2017,4,7,2017,6,23,,,,,http://twinangel-break.com/,
,TV,,YtXVxb6hwfh,ベルセルク,第2期,ベルセルク,2017,4,7,2017,6,23,,,,,http://berserk-anime.com/,
,TV,,ndJigZVcpq9,正解するカド,,セイカイスルカド,2017,4,7,2017,6,29,,,,,http://seikaisuru-kado.com/,
,TV,,o9NaagDEyTS,信長の忍び～伊勢・金ヶ崎篇～,,ノブナガノシノビ イセ カネガサキヘン,2017,4,8,2017,9,30,,,,,http://nobunaga-no-shinobi.com/,
,TV,,PQTkwYu8Ruh,神撃のバハムート VIRGIN SOUL,,シンゲキノバハムートバージンソウル,2017,4,8,2017,9,30,,,,,https://shingekinobahamut-virginsoul.jp/,
,TV,,s5DhkrfcXtq,境界のRINNE,第3シリーズ,キョウカイノリンネ,2017,4,8,2017,9,23,,,,,http://www9.nhk.or.jp/anime/rinne/,
,TV,,iEvmBsUKxaQ,Re:CREATORS,,レクリエイターズ,2017,4,8,2017,9,16,,,,,http://recreators.tv/,
,TV,,bsQTdnxBRCg,エロマンガ先生,,エロマンガセンセイ,2017,4,9,2017,6,25,,,,,http://eromanga-sensei.com/,
,TV,,KXaMR5Fawn8,有頂天家族2,,ウチョウテンカゾクツー,2017,4,9,2017,6,25,,,,,http://uchoten2-anime.com/,
,TV,,a34w7ecn9vw,ID-0,,アイディーゼロ,2017,4,9,2017,6,25,,,,,http://id-zero.com/,
,TV,,kTJ9aJESd4W,ゼロから始める魔法の書,,ゼロカラハジメルマホウノショ,2017,4,10,2017,6,26,,,,,http://zeronosyo.com/,
,TV,,srBMo4TniXG,覆面系ノイズ,,フクメンケイノイズ,2017,4,11,2017,6,27,,,,,http://fukumenkei-anime.jp/,
,TV,,qn2u2ke4SFh,終末なにしてますか？ 忙しいですか？ 救ってもらっていいですか？,,シュウマツナニシテマスカ イソガシイデスカ スクッテモラッテイイデスカ,2017,4,11,2017,6,27,,,,,http://sukasuka-anime.com/,
,TV,,WgC2ZFZNebN,夏目友人帳 陸,,ナツメユウジンチョウ ロク,2017,4,12,2017,6,21,,,,,http://www.natsume-anime.jp/,
,TV,,zPkqLfuGVXZ,喧嘩番長 乙女-Girl Beats Boys-,,ケンカバンチョウオトメ ガールビーツボーイズ,2017,4,12,2017,6,28,,,,,http://kbo-anime.com/,
,TV,,VbegvPNUgrt,Room Mate ～One Room side M～,,ルームメイト ワンルームサイドエム,2017,4,12,2017,6,28,,,,,,
,TV,,U5QWewsACcD,スナックワールド,,スナックワールド,2017,4,13,2018,4,19,,,,,http://www.snack-world.jp/,
,TV,,A6fs23wXGzo,冴えない彼女の育てかた♭,,サエナイカノジョノソダテカタフラット,2017,4,14,2017,6,23,,,,,http://www.saenai.tv/,
,TV,,fgvr8D6CTLy,ダンジョンに出会いを求めるのは間違っているだろうか外伝 ソード・オラトリア,,ダンジョンニデアイヲモトメルノハマチガッテイルダロウカガイデンソードオラトリア,2017,4,15,2017,7,1,,,,,http://danmachi.com/sword_oratoria/,
,TV,,zNsyEFMREv5,sin 七つの大罪,,シンナナツノタイザイ,2017,4,15,2017,7,29,,,,,http://www.7-sins.tv/,
,TV,,NyWjSYSW8QW,100%パスカル先生＆プリプリちぃちゃん!!,,ヒャクパーセントパスカルセンセイアンドプリプリチィチャン,2017,4,15,2017,12,16,,,,,http://pasu-chi.com/,
,TV,,ws7HrnL5pWB,トミカハイパーレスキュー ドライブヘッド 機動救急警察,,トミカハイパーレスキュー ドライブヘッド キドウキュウキュウケイサツ,2017,4,15,2017,12,23,,,,,http://www.tbs.co.jp/anime/drivehead/,
,TV,,hfuHCLGgBCb,アトム ザ・ビギニング,,アトムザビギニング,2017,4,15,2017,7,8,,,,,http://atom-tb.com/,
,TV,,a4acTeuU52V,闇芝居,第2期,ヤミシバイ,2014,7,7,2014,9,29,,,,,http://www.tv-tokyo.co.jp/anime/yamishibai/,
,TV,,RJH3sXHppGm,THE REFLECTION -ザ・リフレクション-,,ザリフレクション,2017,7,22,2017,10,7,,,,,http://thereflection-anime.net/,
,TV,,UGHQF7uJx8k,ナナマル サンバツ,,ナナマルサンバツ,2017,7,5,2017,2017,9,20,,,,http://7o3x.com/,
,TV,,8y8AJBEdVFw,DIVE!!,,ダイブ,2017,7,7,2017,9,22,,,,,http://www.dive-anime.com/,
,TV,,u2thqAB77w6,将国のアルタイル,,ショウコクノアルタイル,2017,7,8,2017,12,23,,,,,http://project-altair.com/,
,TV,,B6G2dm8KaRZ,活撃 刀剣乱舞,,カツゲキトウケンランブ,2017,7,2,2017,9,24,,,,,http://katsugeki-touken.com/,
,TV,,ZxuB7g3rV2S,クリオネの灯り,,クリオネノアカリ,2017,7,12,2017,9,27,,,,,http://clionenoakari.com/,
,TV,,GkBnta4odnV,地獄少女 宵伽,,ジゴクショウジョヨイノトギ,2017,7,15,2017,9,30,,,,,http://www.jigokushoujo.com/,
,TV,,WquSXndWraC,Fate/Apocrypha,,フェイトアポクリファ,2017,7,2,2017,12,31,,,,,http://fate-apocrypha.com/,
,TV,,2NDnfWcZ3iC,18if,,エイティーンイフ,2017,7,7,2017,9,29,,,,,http://18if.jp/,
,TV,,JWPVmDBz7mr,マーベル フューチャー・アベンジャーズ,,マーベルフューチャーアベンジャーズ,2017,7,22,2018,1,20,,,,,http://dlife.disney.co.jp/program/marvel_starwars/future_avengers.html,
,TV,,o6ok4apkJzn,RWBY Volume 1-3: The Beginning,,ルビー,2017,7,3,2017,9,25,,,,,http://rwby.jp/,
,TV,,cq83qtQXKHi,アホガール,,アホガール,2017,7,4,2017,9,19,,,,,http://ahogirl.jp/,
,TV,,NjrEjZCBVkW,潔癖男子！青山くん,,ケッペキダンシアオヤマクン,2017,7,3,2017,9,18,,,,,http://kda-anime.com/,
,TV,,DpEYftMbmSB,ボールルームへようこそ,,ボールルームヘヨウコソ,2017,7,9,2017,12,17,,,,,http://ballroom-official.jp/,
,TV,,UVJ6Ry5wkmC,魔法陣グルグル,2017,マホウジングルグル,2017,7,12,2017,12,20,,,,,http://guruguru-anime.jp/,
,TV,,Y4svy3q5WbN,バトルガール ハイスクール,,バトルガール ハイスクール,2017,7,3,2017,9,18,,,,,http://colopl.co.jp/battlegirl-hs/,
,TV,,EFjHRSA7znE,はじめてのギャル,,ハジメテノギャル,2017,7,12,2017,9,13,,,,,http://hajimete-no-gal.jp/,
,TV,,Vd6crdXpqiq,ひなろじ～from Luck & Logic～,,ヒナロジ,2017,6,24,2017,9,16,,,,,http://hinalogic.com/,
,TV,,JSeifRNFEpc,異世界はスマートフォンとともに。,,イセカイハスマートフォントトモニ,2017,7,11,2017,9,26,,,,,http://isesuma-anime.jp/,
,TV,,7npPwxPHhUp,異世界食堂,,イセカイショクドウ,2017,7,4,2017,9,19,,,,,http://isekai-shokudo.com/,
,TV,,bdTudhMHVRz,ナイツ＆マジック,,ナイツアンドマジック,2017,7,2,2017,9,24,,,,,http://knights-magic.com/,
,TV,,XrLGMaS6HmC,ゲーマーズ！,,ゲーマーズ,2017,7,13,2017,9,28,,,,,http://www.gamers-anime.com/,
,TV,,E9CcehnZCoa,天使の3P！,,テンシノスリーピース,2017,7,10,2017,9,25,,,,,http://www.tenshi-no-3p.com/,
,TV,,8QfRv5pAGCR,ようこそ実力至上主義の教室へ,,ヨウコソジツリョクシュギノキョウシツヘ,2017,7,12,2017,9,27,,,,,http://you-zitsu.com/,
,TV,,MCAxfmmfPdc,恋と嘘,,コイトウソ,2017,7,4,2017,9,19,,,,,http://koiuso-anime.com/,
,TV,,mbr8KYSvKps,捏造トラップ-NTR-,,ネツゾウトラップ,2017,7,5,2017,9,20,,,,,http://netsuzoutrap.com/,
,TV,,HFeqKesZNUF,賭ケグルイ,,カケグルイ,2017,7,1,2017,9,23,,,,,http://kakegurui-anime.com/,
,TV,,HZGAxAcpSdM,メイドインアビス,,メイドインアビス,2017,7,7,2017,9,29,,,,,http://miabyss.com/,
,TV,,gBUprAHCWyq,NEW GAME!!,,ニューゲーム,2017,7,11,2017,9,26,,,,,http://newgame-anime.com/,
,TV,,CmuuMuDJSyt,徒然チルドレン,,ツレヅレチルドレン,2017,7,4,2017,9,19,,,,,http://tsuredure-project.jp/,
,TV,,7wTegE4CJLc,終物語,第2期,オワリモノガタリ,2017,8,12,2017,8,13,,,,,http://www.monogatari-series.com/owarimonogatari/,
,TV,,fUk7C9knvAZ,プリンセス・プリンシパル,,プリンセスプリンシパル,2017,7,9,2017,9,24,,,,,http://www.pripri-anime.jp/,
,TV,,SZ6YTcP2itj,戦姫絶唱シンフォギアAXZ,,センキゼッショウシンフォギアアクシズ,2017,7,2,2017,10,1,,,,,http://www.symphogear-axz.com/,
,TV,,5jVs7kKY59v,最遊記RELOAD BLAST,,サイユウキリロード ブラスト,2017,7,5,2017,9,20,,,,,http://saiyuki-rb.jp/,
,TV,,K8Ye9LRSonm,カイトアンサ,,カイトアンサ,2017,7,12,2017,9,27,,,,,http://kaitoansa.com/,
,TV,,PhzzBJ7jzmU,妖怪アパートの幽雅な日常,,ヨウカイアパートノユウガナニチジョウ,2017,7,3,2017,12,25,,,,,http://youapa-anime.jp/,
,TV,,CKGaEXbjVkE,マーベル スパイダーマン,,マーベルスパイダーマン,2017,7,22,2018,4,14,,,,,http://dlife.disney.co.jp/program/marvel_starwars/spider_ani.html,
,TV,,D29MkVUfsgW,時間の支配者,,ジカンノシハイシャ,2017,7,8,2017,9,30,,,,,http://chronosruler.jp/,
,TV,,fN4WaDaWQXG,てーきゅう,第9期,テーキュウ,2017,7,12,2017,9,27,,,,,http://te-kyu.com/,
,TV,,teqomkoypRk,コンビニカレシ,,コンビニカレシ,2017,7,7,2017,9,29,,,,,http://www.tbs.co.jp/anime/konbini/,
,TV,,KPDJ34BaLSk,アクションヒロイン チアフルーツ,,アクションヒロイン チアフルーツ,2017,7,7,2017,9,29,,,,,http://www.tbs.co.jp/anime/cfru/,
,TV,,Se4tbFuknNs,ひとりじめマイヒーロー,,ヒトリジメマイヒーロー,2017,7,8,2017,9,23,,,,,http://hitorijime-myhero.com/,
,TV,,SZpmi8tmnwd,セントールの悩み,,セントールノナヤミ,2017,7,9,2017,9,24,,,,,http://centaur-anime.com/,
,TV,,CXsvvMkrdjR,バチカン奇跡調査官,,バチカンキセキチョウサカン,2017,7,7,2017,9,22,,,,,http://kisekichosakan.jp/,
,TV,,G25Wy4ztfjm,ノラと皇女と野良猫ハート,,ノラトオウジョトノラネコハート,2017,7,12,2017,9,27,,,,,http://nora-anime.net/,
,TV,,xFZZiGNX7nU,無責任ギャラクシー☆タイラー,,ムセキニンギャラクシータイラー,2017,7,11,2017,9,26,,,,,http://dreamcreation.co.jp/musekinin/,
,TV,,imCDZWdqng6,闇芝居,第5期,ヤミシバイ,2017,7,3,2017,10,2,,,,,http://www.tv-tokyo.co.jp/anime/yamishibai/,
,TV,,NYuzXrmjYgT,イケメン戦国◆時をかけるが恋は始まらない,,イケメンセンゴクトキヲカケルガコイハハジマラナイ,2017,7,12,2017,9,27,,,,,http://anime-ikemen-sengoku.jp/,
,TV,,CTLQ5tQhkQG,スカートの中はケダモノでした。,,スカートノナカハケダモノデシタ,2017,7,3,2017,9,18,,,,,http://skirt.w-anime.com/,
,TV,,HCfDm34np6m,縁結びの妖狐ちゃん,,エンムスビノヨウコチャン,2017,7,1,2017,12,16,,,,,http://enmusuyouko.com/,
,TV,,pnBB9vp9LAk,3月のライオン,第2シリーズ,サンガツノライオン,2017,10,14,2018,3,31,,,,,http://3lion-anime.com/,
,TV,,89tUe8oXtFZ,クラシカロイド,第2シリーズ,クラシカロイド,2017,10,7,2018,3,24,,,,,http://www.classicaloid.net/,
,TV,,ykqt3W8Kixk,Infini-T Force,,インフィニティフォース,2017,10,3,2017,12,26,,,,,http://www.infini-tforce.com/,
,TV,,NC3CZCkgsQj,DYNAMIC CHORD,,ダイナミックコード,2017,10,6,2017,12,22,,,,,http://www.tbs.co.jp/anime/DC/,
,TV,,V4CJnwRVqyN,いぬやしき,,イヌヤシキ,2017,10,13,2017,12,22,,,,,http://www.inuyashiki-project.com/,
,TV,,Vwx2F9gftB8,カードファイト!! ヴァンガードGZ,,カードファイトヴァンガード ジー ゼット,2017,10,8,2018,4,1,,,,,http://www.tv-tokyo.co.jp/anime/cf-vanguard-gz/,
,TV,,ixsREBRnWtR,おそ松さん,第2期,オソマツサン,2017,10,3,2018,3,27,,,,,http://osomatsusan.com/,
,TV,,2PxyWumA5sp,銀魂. ポロリ篇,,ギンタマポロリヘン,2017,10,2,2018,3,26,,,,,http://www.tv-tokyo.co.jp/anime/gintama/,
,TV,,qE6n23FGCdv,ブラッククローバー,,ブラッククローバー,2017,10,3,,,,,,,,http://bclover.jp/,
,TV,,KeffwTXj2Eb,結城友奈は勇者である -鷲尾須美の章-/-勇者の章-,,ユウキユウナハユウシャデアル ワシオスミノショウ ユウシャノショウ,2017,10,7,2018,1,6,,,,,http://yuyuyu.tv/,
,TV,,wubueoFmuRq,戦刻ナイトブラッド,,センゴクナイトブラッド,2017,10,3,2017,12,26,,,,,http://anime.senbura.jp/,
,TV,,D2FdAAeE22R,血界戦線 & BEYOND,,ケッカイセンセン アンド ビヨンド,2017,10,8,2017,12,24,,,,,http://kekkaisensen.com/,
,TV,,emVgdXavaLZ,クジラの子らは砂上に歌う,,クジラノコラハサジョウニウタウ,2017,10,8,2017,12,24,,,,,http://kujisuna-anime.com/,
,TV,,t65MKfbLhG7,Just Because!,,ジャストビコーズ,2017,10,5,2017,12,28,,,,,http://justbecause.jp/,
,TV,,QeVcKxJi9KE,TSUKIPRO THE ANIMATION,,ツキプロジアニメーション,2017,10,4,2017,12,27,,,,,http://tsukipro-anime.com/,
,TV,,2EZeRaoMfyo,THE IDOLM＠STER Prologue SideM -Episode of Jupiter-,,ザ アイドルマスター プロローグ サイドエム エピソードオブジュピター,2017,10,1,2017,10,1,,,,,http://imas-sidem.com/story/00/,
,TV,,CpoY5rNqrni,アイドルマスター SideM,,アイドルマスター サイドエム,2017,10,7,2017,12,30,,,,,http://imas-sidem.com/,
,TV,,gUQcfpHaqJ9,アイドルマスター シンデレラガールズ劇場 2nd SEASON,,アイドルマスター シンデレラガールズゲキジョウ セカンドシーズン,2017,10,3,2017,12,26,,,,,http://cingeki-anime.com/,
,TV,,D8mt9jzdx4m,ドリフェス！R,,ドリフェス アール,2017,8,23,2017,11,8,,,,,http://anime.dream-fes.com/,
,TV,,QdR7nsMFcWK,鬼灯の冷徹 第弐期,,ホオズキノレイテツ ダイニキ,2017,10,8,2017,12,31,,,,,http://www.hozukino-reitetsu.com/,
,TV,,g3rW8pQMZ9s,ラブ米 -WE LOVE RICE- 二期作,,ラブコメ ウィーラブライス ニキサク,2017,10,6,2017,12,23,,,,,http://love-kome.com/,
,TV,,JSCr6z9zw3G,Code:Realize ～創世の姫君～,,コードリアライズ ソウセイノヒメギミ,2017,10,7,2017,12,23,,,,,http://coderealize-anime.com/,
,TV,,6KxRjB9UiM3,あめこん!!,,アメコン,2017,10,4,2017,12,20,,,,,http://rainycocoa.jp/anime/,
,TV,,dPxCPpAWmHi,UQ HOLDER! ～魔法先生ネギま!2～,,ユーキュー ホルダー マホウセンセイネギマ ツー,2017,10,3,2017,12,19,,,,,http://uqholder.jp/,
,TV,,zeg5vujt2cr,食戟のソーマ 餐ノ皿,,ショクゲキノソーマ サンノサラ,2017,10,4,2017,12,20,,,,,http://shokugekinosoma.com/,
,TV,,wU8Up2ai7Dh,宝石の国,,ホウセキノクニ,2017,10,7,2017,12,23,,,,,http://land-of-the-lustrous.com/,
,TV,,GvWgUYWVfGS,魔法使いの嫁,,マホウツカイノヨメ,2017,10,8,2018,3,23,,,,,http://mahoyome.jp/,
,TV,,SQ5P68eYpAf,キノの旅 -the Beautiful World- the Animated Series,,キノノタビ ザビューティフルワールド ジアニメイテッドシリーズ,2017,10,6,2017,12,22,,,,,http://www.kinonotabi-anime.com/,
,TV,,wtKspEy5xs7,お見合い相手は教え子、強気な、問題児。,,オミアイアイテハオシエゴ ツヨキナ モンダイジ,2017,10,2,2017,12,18,,,,,http://omitsuyo.w-anime.com/,
,TV,,8Nxtr25dGEj,妹さえいればいい。,,イモウトサエイレバイイ,2017,10,8,2017,12,24,,,,,http://imoutosae.com/,
,TV,,qpGdPcYzpgT,干物妹！うまるちゃんR,,ヒモウト ウマルチャンアール,2017,10,8,2017,12,24,,,,,http://umaru-ani.me/,
,TV,,6NtnUrNncmN,ブレンド・S,,ブレンド エス,2017,10,8,2017,12,24,,,,,http://blend-s.jp/,
,TV,,h9N6hv83FQY,ラブライブ！サンシャイン!!,第2期,ラブライブ サンシャイン,2017,10,7,2017,12,30,,,,,http://www.lovelive-anime.jp/uranohoshi/,
,TV,,TsyqFQw6HLc,Dies irae,,ディエスイレ,2017,10,7,2017,12,23,,,,,http://diesirae-anime.com/,
,TV,,sYrhTxu7zUH,アニメガタリズ,,アニメガタリズ,2017,10,8,2017,12,24,,,,,http://animegataris.com/,
,TV,,UmYmQtbcz9k,ROBOMASTERS THE ANIMATED SERIES,,ロボマスターズ ジアニメイテッドシリーズ,2017,10,13,2017,11,17,,,,,http://anime.robomasters.com/,
,TV,,3rrDLALnj8T,URAHARA,,ウラハラ,2017,10,4,2017,12,20,,,,,http://urahara.party/,
,TV,,iU2zvwJwiyj,牙狼<GARO> -VANISHING LINE-,,ガロ バニシングライン,2017,10,7,2018,3,31,,,,,http://vanishing-line.jp/,
,TV,,zqNJzDhYntv,"Wake Up, Girls! 新章",,ウェイクアップガールズ シンショウ,2017,10,10,2018,1,8,,,,,http://wakeupgirls3.jp/,
,TV,,AUD3FYWjEa2,僕の彼女がマジメ過ぎるしょびっちな件,,ボクノカノジョガマジメスギルショビッチナケン,2017,10,12,2017,12,14,,,,,http://majimesugiru-anime.jp/,
,TV,,FXcwoLPv76T,少女終末旅行,,ショウジョシュウマツリョコウ,2017,10,2,2017,12,22,,,,,http://girls-last-tour.com/,
,TV,,SAWMxkiUqBQ,ディアホライゾン (被),,ディアホライゾン カッコカブ,2017,10,3,2017,12,19,,,,,,
,TV,,wwF6yP7k9pf,十二大戦,,ジュウニタイセン,2017,10,3,2017,12,19,,,,,http://12taisen.com/,
,TV,,JtrdzpxDmMS,このはな綺譚,,コノハナキタン,2017,10,4,2017,12,20,,,,,http://konohanatei.jp/,
,TV,,nNX7kzgeP3F,つうかあ,,ツウカア,2017,10,8,2017,12,24,,,,,http://twocartv.jp/,
,TV,,gjzju87bZ8U,ネト充のススメ,,ネトジュウノススメ,2017,10,10,2017,12,12,,,,,http://netoju.com/,
,TV,,AzXL3B5a3Ls,王様ゲーム The Animation,,オウサマゲーム ジアニメーション,2017,10,5,2017,12,21,,,,,https://kingsgame-anime.com/,
,TV,,NWhitDh9Q4Z,お酒は夫婦になってから,,オサケハフウフニナッテカラ,2017,10,4,2017,12,27,,,,,http://www.osakefufu-anime.jp/,
,TV,,mE4RB76f6jh,俺たちゃ妖怪人間,,オレタチャヨウカイニンゲン,2017,10,4,2018,3,28,,,,,http://youkainingen-bem.com/anime_dle/,
,TV,,LEb99uWRdRo,タイムボカン 逆襲の三悪人,,タイムボカン ギャクシュウノサンアクニン,2017,10,7,2018,3,24,,,,,http://www.ytv.co.jp/timebokan/,
,TV,,ujyLKnT7opD,大正ちっちゃいさん,,タイショウチッチャイサン,2017,10,6,2017,12,22,,,,,http://mebius-anime.com/,
,TV,,trdfL9s8Bu3,EVIL OR LIVE,,イーブルオアライブ,2017,10,11,2018,1,3,,,,,http://evilorlive.jp/,
,TV,,4uWoFdxHNs9,いつだって僕らの恋は10センチだった。,,イツダッテボクラノコイハジュッセンチダッタ,2017,11,25,2017,12,30,,,,,http://www.honeyworks-movie.jp/2nd/,
,TV,,jU8RQ3U29dZ,GLAMOROUS HEROES,,グラマラスヒーローズ,2017,10,7,2017,12,9,,,,,,
